quintil_juventude,cod_tse,pct_votantes_ate_34,idade_media_votada
1,61115,18.78,52.9
1,89168,19.32,42.4
1,87629,20.13,42.2
1,87840,20.59,47.0
1,84867,20.95,47.8
1,62006,21.12,48.7
1,87084,21.14,52.2
1,88030,21.24,47.1
1,70513,21.43,50.5
1,67512,21.56,47.6
1,67539,21.79,54.1
1,89184,21.88,45.1
1,89672,21.97,47.7
1,88161,22.19,37.4
1,88820,22.25,48.1
1,43974,22.35,50.2
1,85308,22.44,49.3
1,88927,22.46,48.8
1,61077,22.49,52.7
1,84743,22.52,43.8
1,85405,22.54,49.4
1,67997,22.55,50.8
1,85731,22.63,46.7
1,86320,22.72,49.9
1,45810,22.81,47.1
1,86584,22.84,49.0
1,72036,22.87,51.8
1,61239,22.88,47.5
1,87220,22.90,46.9
1,86924,22.95,46.7
1,44938,22.95,50.3
1,70254,22.96,50.7
1,87670,22.99,49.3
1,85804,22.99,49.3
1,84956,23.05,54.3
1,69310,23.06,47.2
1,86380,23.09,44.4
1,87289,23.10,47.6
1,84883,23.10,52.6
1,61204,23.13,51.9
1,89451,23.14,46.6
1,85766,23.16,41.5
1,67032,23.17,47.7
1,70718,23.18,49.6
1,89494,23.30,46.4
1,87238,23.32,48.8
1,85685,23.34,49.2
1,70777,23.34,48.1
1,49271,23.37,47.6
1,69914,23.38,49.5
1,71331,23.41,49.8
1,80683,23.44,42.5
1,67911,23.47,46.2
1,64335,23.48,46.2
1,85057,23.51,51.1
1,63894,23.51,49.6
1,86185,23.51,48.3
1,88560,23.53,47.3
1,67938,23.54,49.7
1,41610,23.58,43.3
1,88242,23.60,48.7
1,85626,23.63,48.2
1,86126,23.69,47.3
1,84999,23.69,51.0
1,67016,23.70,45.0
1,65978,23.72,49.2
1,87149,23.73,48.7
1,89338,23.74,49.7
1,85863,23.75,42.2
1,88277,23.78,50.2
1,87980,23.88,43.4
1,85073,23.89,49.7
1,85553,23.89,49.2
1,85570,23.92,50.7
1,81663,23.94,46.4
1,83739,23.96,48.8
1,85782,23.97,48.4
1,88781,23.98,41.0
1,53651,23.98,42.8
1,75612,23.99,53.3
1,89591,24.00,47.2
1,88587,24.03,45.9
1,88196,24.03,43.1
1,87467,24.03,49.2
1,89303,24.04,46.8
1,89540,24.07,47.3
1,92517,24.09,48.2
1,70491,24.13,47.4
1,44636,24.14,47.3
1,61018,24.15,49.3
1,62057,24.16,50.0
1,85545,24.16,46.7
1,64572,24.17,49.5
1,89222,24.18,49.0
1,67253,24.18,49.9
1,89770,24.20,44.1
1,84824,24.21,40.5
1,41394,24.25,43.0
1,86177,24.25,51.3
1,88048,24.26,42.9
1,88340,24.28,48.0
1,69256,24.28,48.4
1,85294,24.30,49.3
1,83135,24.31,50.7
1,89460,24.32,48.8
1,85022,24.34,48.3
1,87785,24.34,48.6
1,88897,24.35,48.2
1,86207,24.35,44.5
1,88650,24.37,47.0
1,51837,24.40,47.2
1,88919,24.40,49.2
1,67431,24.40,51.3
1,85987,24.42,49.4
1,85650,24.42,52.5
1,85138,24.42,45.0
1,88293,24.43,50.9
1,89001,24.45,51.0
1,88900,24.45,45.9
1,89613,24.47,50.4
1,89044,24.47,48.5
1,89400,24.50,45.3
1,89109,24.50,46.3
1,72451,24.51,48.2
1,67350,24.54,45.3
1,85499,24.54,56.5
1,87319,24.54,47.9
1,81302,24.54,47.9
1,86959,24.54,46.7
1,88854,24.55,48.7
1,47414,24.56,48.8
1,42218,24.56,48.3
1,69116,24.60,46.0
1,41912,24.60,46.1
1,62472,24.60,47.7
1,86339,24.61,48.9
1,81728,24.61,46.9
1,61670,24.62,48.1
1,65153,24.63,49.1
1,65331,24.63,51.1
1,64114,24.64,48.8
1,45039,24.64,45.9
1,68810,24.65,48.7
1,88013,24.65,47.5
1,87360,24.65,47.6
1,86061,24.65,38.3
1,86088,24.66,51.5
1,86916,24.66,51.0
1,68055,24.67,47.4
1,67113,24.68,48.6
1,84930,24.68,48.7
1,90026,24.70,46.4
1,85596,24.71,45.8
1,61620,24.72,49.8
1,67210,24.74,43.8
1,61557,24.75,48.1
1,66630,24.76,43.4
1,44539,24.78,46.5
1,67270,24.80,50.1
1,64394,24.81,46.6
1,86215,24.83,48.2
1,64653,24.84,47.2
1,87700,24.84,58.9
1,88358,24.86,49.1
1,84778,24.86,53.6
1,87530,24.87,46.1
1,70874,24.87,51.1
1,82970,24.87,47.3
1,68217,24.87,49.8
1,42056,24.88,44.8
1,95397,24.89,45.7
1,85979,24.90,48.5
1,88510,24.90,47.8
1,71439,24.91,49.1
1,66435,24.91,51.0
1,61093,24.92,47.6
1,87173,24.92,48.9
1,43133,24.92,47.3
1,41017,24.93,47.0
1,86533,24.94,46.1
1,86096,24.94,45.3
1,70335,24.94,46.4
1,69035,24.98,52.3
1,46051,24.98,44.6
1,72010,24.98,48.6
1,70157,24.98,53.0
1,41815,24.99,45.9
1,68390,24.99,45.2
1,70971,25.01,48.1
1,61930,25.02,47.8
1,63916,25.03,47.0
1,68870,25.03,48.7
1,84794,25.03,51.9
1,67296,25.04,50.1
1,85030,25.04,49.9
1,61425,25.07,46.5
1,86894,25.08,48.8
1,68470,25.09,50.2
1,85154,25.10,41.4
1,61638,25.11,47.9
1,89443,25.13,50.7
1,50750,25.13,49.3
1,87211,25.13,50.1
1,71951,25.13,46.0
1,53490,25.13,51.6
1,87394,25.14,50.1
1,64190,25.15,51.2
1,61310,25.15,47.8
1,96318,25.15,48.5
1,71692,25.15,46.2
1,52736,25.16,48.0
1,63231,25.17,48.8
1,72214,25.18,47.1
1,85413,25.18,48.5
1,62294,25.19,49.5
1,88188,25.21,49.7
1,41432,25.21,43.1
1,87963,25.23,46.0
1,61417,25.24,50.8
1,65552,25.24,48.2
1,70831,25.24,49.6
1,88595,25.25,50.5
1,86975,25.26,49.0
1,61794,25.26,49.0
1,87483,25.27,47.1
1,46639,25.27,50.7
1,80390,25.28,45.2
1,85561,25.29,48.3
1,61166,25.30,48.9
1,47759,25.30,48.5
1,71099,25.31,48.8
1,86010,25.31,47.8
1,74390,25.32,47.5
1,69930,25.32,42.3
1,86037,25.32,49.5
1,43095,25.32,48.8
1,85820,25.33,44.6
1,86738,25.33,46.4
1,61212,25.34,45.4
1,87939,25.35,50.0
1,85952,25.35,44.9
1,85324,25.35,49.6
1,50350,25.37,48.2
1,88951,25.37,50.9
1,81744,25.37,48.6
1,86576,25.37,50.0
1,67075,25.38,49.2
1,65870,25.38,49.8
1,66214,25.39,46.2
1,75523,25.39,50.6
1,87955,25.39,52.0
1,85103,25.39,48.3
1,47694,25.40,46.3
1,90573,25.40,45.8
1,85430,25.40,47.5
1,53678,25.40,46.9
1,41653,25.41,47.7
1,88617,25.41,48.5
1,87742,25.43,50.0
1,75531,25.43,42.9
1,68497,25.44,49.6
1,50059,25.45,41.4
1,79634,25.45,47.9
1,75256,25.45,47.7
1,68772,25.46,47.1
1,89419,25.46,51.7
1,63150,25.46,48.8
1,48232,25.47,53.3
1,81337,25.47,47.2
1,62090,25.47,47.6
1,52191,25.48,50.1
1,70955,25.48,45.5
1,64491,25.48,49.0
1,56626,25.49,49.3
1,86690,25.51,49.7
1,72052,25.51,45.2
1,87432,25.51,47.8
1,63754,25.52,49.0
1,62049,25.52,49.3
1,81361,25.52,46.2
1,86940,25.52,51.0
1,72079,25.53,47.8
1,88579,25.54,49.7
1,50377,25.54,49.3
1,51853,25.55,46.3
1,56650,25.55,49.9
1,93777,25.55,48.9
1,69272,25.57,49.8
1,43770,25.58,49.4
1,42110,25.58,47.2
1,61441,25.58,48.8
1,40037,25.59,47.7
1,89354,25.61,50.1
1,85197,25.61,46.8
1,94471,25.61,42.9
1,82996,25.61,49.3
1,79510,25.62,49.9
1,86460,25.63,48.4
1,41130,25.65,48.5
1,50296,25.65,51.6
1,69019,25.66,46.7
1,68659,25.66,48.5
1,81434,25.66,47.0
1,65838,25.67,47.8
1,42870,25.67,50.4
1,65439,25.68,45.9
1,85170,25.69,48.1
1,86886,25.70,45.8
1,85936,25.70,50.2
1,70734,25.70,48.3
1,68896,25.72,45.9
1,66192,25.72,47.3
1,67830,25.73,48.1
1,45217,25.74,48.6
1,62278,25.75,44.5
1,66818,25.75,50.1
1,50091,25.75,50.6
1,82813,25.75,46.0
1,85421,25.75,49.1
1,53830,25.75,46.3
1,50334,25.76,50.7
1,70530,25.76,51.3
1,72257,25.77,48.6
1,61352,25.77,45.9
1,87602,25.77,48.6
1,66273,25.77,46.9
1,89397,25.78,48.2
1,64939,25.78,47.5
1,66753,25.79,46.8
1,96237,25.79,49.1
1,40134,25.79,45.5
1,70653,25.81,47.3
1,88498,25.81,50.7
1,89346,25.82,45.0
1,56910,25.82,47.9
1,70637,25.82,50.4
1,46256,25.82,49.5
1,69973,25.83,48.5
1,62219,25.83,49.3
1,83674,25.83,48.7
1,88439,25.83,46.3
1,69299,25.83,50.2
1,56537,25.84,49.4
1,67059,25.84,49.3
1,47910,25.84,49.0
1,82376,25.85,45.8
1,53538,25.88,51.4
1,40835,25.88,47.9
1,89257,25.90,50.0
1,81183,25.90,47.9
1,88609,25.90,48.3
1,71757,25.91,49.6
1,72176,25.91,46.8
1,68632,25.91,47.6
1,63274,25.92,46.5
1,88382,25.93,50.9
1,86711,25.93,45.8
1,67172,25.93,48.7
1,54453,25.94,47.3
1,42552,25.94,46.6
1,77755,25.95,49.0
1,68675,25.95,49.9
1,46698,25.95,47.2
1,89133,25.95,47.5
1,33014,25.96,51.4
1,49190,25.97,48.9
1,43516,25.97,47.7
1,88137,25.97,52.0
1,86614,25.97,44.5
1,87718,25.97,47.9
1,50571,25.97,49.0
1,88307,25.97,46.7
1,86258,25.98,48.1
1,57053,25.98,46.7
1,87190,25.98,46.7
1,86622,25.98,46.2
1,89710,25.99,50.8
1,68713,25.99,46.7
1,45136,26.00,46.2
1,76414,26.00,47.6
1,81779,26.01,49.3
1,65536,26.02,47.2
1,91022,26.02,45.2
1,42854,26.03,47.9
1,67474,26.04,45.5
1,58416,26.05,45.7
1,70459,26.05,45.0
1,66079,26.05,49.9
1,75302,26.05,50.8
1,79995,26.05,48.6
1,85448,26.05,47.9
1,75159,26.06,49.2
1,87580,26.06,50.8
1,85995,26.07,45.3
1,79294,26.07,48.2
1,88790,26.07,47.0
1,63177,26.07,44.8
1,43052,26.07,46.5
1,65072,26.08,46.2
1,87505,26.09,41.1
1,64351,26.09,48.7
1,51691,26.09,47.7
1,37370,26.10,45.6
1,86720,26.10,51.7
1,83909,26.11,50.3
1,68799,26.11,47.7
1,80306,26.11,48.9
1,80314,26.12,43.1
1,48550,26.13,47.1
1,86592,26.14,44.8
1,79979,26.14,49.1
1,87297,26.14,49.2
1,88757,26.15,45.5
1,67571,26.15,48.3
1,89176,26.16,51.0
1,86290,26.16,48.6
1,87050,26.16,49.2
1,76910,26.16,49.1
1,50857,26.17,47.4
1,63673,26.18,42.9
1,86878,26.18,45.9
1,87327,26.18,45.9
1,21652,26.19,48.3
1,72133,26.19,47.8
1,87831,26.20,43.6
1,88390,26.21,46.8
1,64696,26.21,50.5
1,67717,26.21,51.3
1,40010,26.22,49.9
1,48879,26.22,45.0
1,82317,26.23,45.9
1,64173,26.23,45.1
1,87041,26.23,51.5
1,87122,26.23,43.9
1,42234,26.24,45.1
1,89559,26.24,46.5
1,56057,26.24,48.0
1,64211,26.25,47.3
1,58670,26.25,49.4
1,68535,26.26,47.9
1,88285,26.26,41.0
1,62200,26.26,47.5
1,63517,26.26,48.7
1,86770,26.27,49.6
1,69779,26.27,48.9
1,61379,26.27,50.8
1,66117,26.28,47.0
1,64858,26.28,49.8
1,80519,26.28,41.1
1,95311,26.28,47.4
1,87637,26.28,41.8
1,69159,26.28,46.6
1,85014,26.28,47.1
1,53732,26.29,48.6
1,45250,26.29,48.8
1,96890,26.29,43.4
1,88986,26.29,47.6
1,85839,26.29,47.9
1,88935,26.30,52.8
1,15512,26.30,46.9
1,89230,26.31,49.8
1,61832,26.31,48.2
1,84751,26.31,49.4
1,50016,26.33,46.9
1,75647,26.33,46.3
1,87696,26.34,49.4
1,66311,26.34,48.0
1,88641,26.34,49.8
1,72370,26.35,48.3
1,90832,26.35,49.8
1,62197,26.35,50.0
1,62421,26.36,47.9
1,64092,26.36,45.9
1,83399,26.36,51.0
1,43915,26.36,44.1
1,52671,26.37,45.4
1,48291,26.37,44.6
1,52493,26.38,47.2
1,87203,26.38,46.0
1,61956,26.38,45.7
1,74411,26.39,47.3
1,43672,26.39,48.2
1,70190,26.40,49.2
1,44350,26.40,47.2
1,93572,26.41,45.1
1,62774,26.41,50.7
1,87947,26.41,45.3
1,50792,26.41,47.6
1,50938,26.41,47.5
1,87734,26.42,48.5
1,61514,26.42,51.3
1,88455,26.43,50.4
1,56278,26.43,46.0
1,89079,26.43,47.7
1,85146,26.43,45.9
1,81299,26.43,46.8
1,71277,26.44,46.2
1,85642,26.44,43.2
1,89320,26.45,41.6
1,89087,26.45,50.9
1,43958,26.46,49.3
1,42390,26.46,45.4
1,74373,26.46,50.5
1,82430,26.46,51.9
1,76430,26.47,48.9
1,89117,26.47,46.0
1,61387,26.48,48.4
1,88633,26.48,49.9
1,69477,26.48,45.3
1,45470,26.49,44.7
1,69698,26.49,48.7
1,87890,26.49,48.7
1,86819,26.50,45.3
1,67792,26.50,49.1
1,62375,26.51,50.3
1,88072,26.51,45.6
1,69655,26.51,48.1
1,68993,26.51,52.7
1,96750,26.51,46.0
1,87688,26.52,47.6
1,68012,26.52,50.4
1,85359,26.52,46.4
1,40991,26.52,49.9
1,85901,26.52,48.2
1,59250,26.53,50.6
1,83852,26.54,47.9
1,84859,26.54,44.7
1,85243,26.54,46.2
1,86550,26.54,48.3
1,64130,26.55,48.8
1,71676,26.55,45.5
1,83194,26.55,45.4
1,48453,26.55,46.4
1,95010,26.55,48.9
1,84590,26.56,45.9
1,86517,26.56,46.0
1,88692,26.56,48.9
1,61158,26.56,55.5
1,53759,26.56,47.6
1,75876,26.56,48.1
1,70173,26.56,46.3
1,88706,26.57,40.4
1,53554,26.57,46.9
1,87823,26.57,46.4
1,71919,26.58,49.6
1,71650,26.58,49.5
1,86983,26.58,49.5
1,66877,26.58,51.8
1,75299,26.59,51.2
1,42919,26.59,45.5
1,89524,26.59,47.5
1,94277,26.60,50.4
1,44210,26.60,44.4
1,79359,26.60,47.7
1,75698,26.60,45.4
1,88102,26.61,49.8
1,40550,26.61,47.7
1,52574,26.61,46.2
1,44458,26.61,45.7
1,85090,26.61,45.6
1,81051,26.61,47.3
1,81809,26.61,46.9
1,62030,26.63,46.5
1,78492,26.63,53.1
1,92096,26.64,44.1
1,87548,26.64,47.4
1,54011,26.65,47.9
1,70572,26.65,49.2
1,82511,26.65,42.8
1,70556,26.65,49.3
1,84832,26.65,54.7
1,74632,26.66,49.0
1,58653,26.66,46.2
1,75434,26.66,48.1
1,49573,26.66,47.2
1,62251,26.66,49.4
1,53473,26.67,48.8
1,78751,26.67,46.1
1,43931,26.67,45.6
1,70890,26.67,49.0
1,95419,26.67,48.0
1,87491,26.68,47.3
1,85502,26.68,48.3
1,74454,26.68,50.1
1,94196,26.69,48.8
1,85367,26.69,46.8
1,88056,26.69,50.4
1,64610,26.69,45.8
1,82473,26.70,46.7
1,62910,26.70,49.9
1,63312,26.70,46.7
1,88552,26.70,49.5
1,87017,26.71,50.0
1,61891,26.71,49.9
1,42196,26.71,49.0
1,62839,26.72,44.5
1,86495,26.72,47.5
1,96393,26.73,46.0
1,79030,26.73,45.8
1,69230,26.74,45.6
1,67318,26.74,50.8
1,89370,26.74,47.4
1,85774,26.74,48.3
1,63010,26.75,48.7
1,66834,26.75,52.0
1,86282,26.75,48.6
1,69175,26.75,43.8
1,79537,26.75,51.0
1,42587,26.75,45.0
1,61034,26.76,43.8
1,80640,26.77,47.8
1,87513,26.77,47.9
1,88471,26.78,48.0
1,71137,26.78,45.8
1,50172,26.78,47.4
1,82899,26.78,50.9
1,62022,26.78,46.2
1,50253,26.79,47.3
1,76236,26.79,49.8
1,86754,26.79,49.0
1,80837,26.80,46.5
1,67237,26.80,48.3
1,45632,26.80,47.3
1,87912,26.80,46.4
1,71536,26.80,49.4
1,85065,26.80,46.9
1,87882,26.81,48.9
1,86371,26.81,47.9
1,89699,26.81,47.3
1,96717,26.82,44.9
1,70297,26.83,48.2
1,88129,26.83,48.9
1,71838,26.83,47.5
1,68438,26.83,47.5
1,75310,26.83,52.9
1,44113,26.83,43.8
1,87009,26.84,48.3
1,54232,26.84,44.0
1,87092,26.84,51.8
1,58432,26.84,48.7
1,53775,26.85,48.5
1,62634,26.85,48.1
1,86657,26.85,48.1
1,68152,26.85,42.4
1,61816,26.85,47.0
1,63550,26.86,50.3
1,75353,26.86,47.3
1,79650,26.87,52.6
1,85480,26.87,50.4
1,72192,26.87,43.0
1,77399,26.87,47.6
1,86193,26.87,49.5
1,41211,26.87,45.3
1,85286,26.87,47.7
1,94293,26.87,44.5
1,87130,26.87,50.5
1,92258,26.87,47.2
1,88080,26.87,42.8
1,52175,26.88,46.5
1,41670,26.88,46.3
1,79936,26.88,47.2
1,88838,26.89,48.2
1,89478,26.89,51.1
1,88480,26.89,49.8
1,45730,26.90,48.8
1,50679,26.90,47.7
1,43010,26.91,48.8
1,65030,26.91,47.0
1,80853,26.91,46.6
1,68071,26.91,46.8
1,90611,26.91,47.3
1,86070,26.92,45.5
1,64319,26.92,45.3
1,85693,26.92,49.4
1,81132,26.92,44.8
1,66397,26.93,47.9
1,80470,26.93,47.9
1,70793,26.93,48.8
1,56898,26.94,50.7
1,87181,26.94,44.5
1,74691,26.94,49.6
1,54135,26.94,47.8
1,40797,26.95,49.5
1,58556,26.95,48.9
1,53791,26.95,49.4
1,87440,26.95,44.3
1,68756,26.95,50.2
1,76678,26.95,46.4
1,66494,26.96,47.5
1,47139,26.96,47.7
1,62170,26.96,49.8
1,40061,26.96,47.5
1,77798,26.96,45.9
1,90972,26.96,47.2
1,87610,26.97,50.6
1,51799,26.97,45.4
1,81248,26.97,49.0
1,46671,26.98,48.7
1,56570,26.98,49.1
1,40231,26.98,47.1
1,81850,26.99,47.4
1,67636,26.99,49.9
1,58572,26.99,50.5
1,63690,27.01,48.8
1,63479,27.01,47.7
1,79332,27.01,49.6
1,42161,27.01,44.0
1,94897,27.02,45.2
1,57916,27.02,45.1
1,52930,27.02,49.3
1,61654,27.02,46.8
1,50814,27.02,50.6
1,61190,27.03,49.2
1,87157,27.03,48.2
1,89290,27.03,50.3
1,89516,27.03,49.2
1,51152,27.03,52.8
1,48631,27.04,46.2
1,75477,27.04,50.0
1,43850,27.04,47.8
1,67954,27.04,48.2
1,88153,27.04,49.6
1,61492,27.04,46.2
1,88684,27.05,47.7
1,87904,27.05,45.5
1,87114,27.05,49.9
1,74004,27.05,49.8
1,77933,27.05,49.3
1,76732,27.05,47.7
1,68551,27.05,53.6
1,61573,27.06,48.4
1,48810,27.06,50.9
1,85219,27.06,47.3
1,88447,27.07,51.3
1,95036,27.07,49.8
1,66419,27.07,46.8
1,89273,27.07,47.8
1,45276,27.08,42.2
1,74276,27.08,49.5
1,44270,27.08,53.4
1,78530,27.08,45.4
1,69531,27.09,50.1
1,83151,27.09,46.7
1,94390,27.09,48.0
1,87556,27.09,49.5
1,56677,27.09,49.6
1,77070,27.10,45.8
1,92177,27.10,46.9
1,54119,27.10,46.5
1,86797,27.10,50.8
1,62227,27.11,48.7
1,74136,27.11,45.3
1,63797,27.11,43.3
1,80950,27.11,45.2
1,42650,27.12,48.4
1,85758,27.12,47.6
1,79693,27.12,51.4
1,76872,27.12,47.8
1,80217,27.12,47.1
1,41475,27.13,44.7
1,62499,27.13,51.5
1,77496,27.14,49.7
1,85189,27.14,43.1
1,71994,27.14,45.4
1,40827,27.14,45.4
1,81256,27.14,48.2
1,51136,27.14,48.8
1,86479,27.15,42.5
1,47678,27.15,50.8
1,81655,27.15,44.7
1,61522,27.15,49.6
1,88536,27.15,47.5
1,45411,27.15,50.6
1,49530,27.15,45.3
1,41238,27.16,46.1
1,98272,27.16,49.8
1,77216,27.16,50.0
1,71196,27.17,46.4
1,78794,27.17,49.0
1,85332,27.18,43.9
1,81817,27.18,46.1
1,49433,27.18,47.0
1,64050,27.18,48.8
1,51055,27.19,40.8
1,67156,27.19,48.2
1,76775,27.20,49.1
1,86991,27.20,45.0
1,40290,27.20,49.8
1,68330,27.21,46.7
1,49778,27.21,49.0
1,80896,27.22,48.5
1,88749,27.22,47.8
1,75396,27.22,46.9
1,56871,27.22,46.3
1,43877,27.22,48.2
1,94072,27.22,44.7
1,67873,27.22,49.0
1,69094,27.22,47.6
1,93432,27.23,50.0
1,61921,27.24,46.7
1,53970,27.24,49.9
1,87874,27.24,48.7
1,49590,27.24,48.8
1,62596,27.25,45.6
1,76635,27.25,50.0
1,74870,27.25,50.1
1,87971,27.25,50.0
1,93157,27.26,46.3
1,85910,27.26,46.1
1,46230,27.26,48.6
1,58777,27.26,46.9
1,74195,27.26,47.2
1,51071,27.26,48.8
1,47597,27.27,47.1
1,65994,27.27,44.6
1,98213,27.27,46.7
1,75051,27.28,46.5
1,50512,27.28,47.2
1,80330,27.29,48.3
1,62162,27.29,48.3
1,69795,27.29,48.8
1,69337,27.29,48.2
1,59293,27.30,46.4
1,88978,27.30,49.4
1,86967,27.30,51.1
1,50075,27.31,48.9
1,69493,27.31,51.6
1,59056,27.31,46.3
1,70998,27.31,48.9
1,88412,27.31,49.9
1,88463,27.31,45.2
1,68373,27.32,45.3
1,46299,27.32,49.4
1,45616,27.33,44.6
1,88226,27.33,47.6
1,76830,27.33,47.0
1,85847,27.33,51.8
1,93319,27.33,49.3
1,64831,27.33,46.8
1,82597,27.34,46.5
1,66737,27.34,48.1
1,66850,27.35,47.6
1,86541,27.35,43.7
1,56014,27.35,50.7
1,65897,27.35,48.9
1,75930,27.36,50.9
1,50970,27.36,45.8
1,46175,27.37,50.6
1,65110,27.37,50.7
1,61760,27.37,45.0
1,64254,27.37,49.1
1,78450,27.38,47.8
1,42145,27.38,55.0
1,45535,27.39,48.0
1,93696,27.39,49.0
1,41270,27.40,41.4
1,52639,27.40,47.4
1,90204,27.40,47.2
1,87661,27.41,48.4
1,62065,27.41,47.7
1,46515,27.41,50.8
1,48038,27.41,51.3
1,89150,27.41,47.9
1,52779,27.41,45.6
1,53635,27.42,42.5
1,41777,27.42,48.7
1,46817,27.42,49.1
1,71013,27.42,46.7
1,83291,27.43,43.6
1,65579,27.43,46.9
1,48097,27.43,47.6
1,80080,27.43,43.4
1,48577,27.43,49.3
1,95494,27.44,51.8
1,85316,27.44,46.4
1,94757,27.45,48.0
1,43419,27.45,47.7
1,66974,27.45,45.5
1,83259,27.45,45.9
1,81418,27.46,45.7
1,78433,27.46,44.6
1,92665,27.47,46.9
1,94013,27.47,51.0
1,72354,27.47,49.6
1,76350,27.48,46.9
1,87521,27.48,48.0
1,56332,27.48,44.2
1,46892,27.48,45.3
1,76619,27.49,48.4
1,46612,27.49,44.6
1,85812,27.49,47.6
1,52850,27.49,39.9
1,47333,27.49,49.1
1,50415,27.50,49.4
1,79910,27.50,50.3
1,95990,27.50,46.7
1,41378,27.51,49.7
1,98299,27.51,48.3
1,61328,27.51,48.3
1,40754,27.51,48.5
1,80411,27.51,45.3
1,88773,27.51,47.6
1,85898,27.51,48.2
1,53155,27.52,42.4
1,56065,27.52,45.0
1,40401,27.52,44.7
1,62510,27.53,50.9
1,62731,27.53,46.0
1,61913,27.53,47.8
1,65137,27.53,46.1
1,81264,27.54,48.0
1,88099,27.54,46.6
1,70211,27.54,48.0
1,53570,27.55,46.5
1,66290,27.55,48.8
1,86525,27.55,48.1
1,76376,27.55,50.2
1,98230,27.55,46.8
1,81736,27.55,46.8
1,51950,27.56,43.5
1,81345,27.56,45.2
1,67610,27.56,45.9
1,66370,27.56,48.1
1,65692,27.56,48.4
1,41890,27.57,50.7
1,58050,27.57,48.4
1,56294,27.57,48.5
1,54356,27.57,46.2
1,80160,27.57,45.7
1,85251,27.57,49.3
1,48674,27.58,47.6
1,66591,27.58,46.4
1,46990,27.58,49.6
1,69515,27.58,42.9
1,95230,27.58,46.7
1,54194,27.58,50.3
1,40436,27.59,47.9
1,45799,27.59,50.1
1,84735,27.60,46.2
1,88811,27.60,50.3
1,77054,27.61,51.4
1,67334,27.61,51.2
1,61735,27.61,47.7
1,88170,27.61,48.1
1,52310,27.61,48.4
1,68616,27.61,47.4
1,46116,27.61,45.8
1,77291,27.62,46.6
1,93149,27.62,44.4
1,65013,27.63,49.4
1,74250,27.63,47.4
1,64890,27.63,49.5
1,46833,27.63,47.2
1,79197,27.63,46.8
1,78131,27.63,48.7
1,83470,27.64,46.6
1,86223,27.64,49.6
1,78255,27.64,47.3
1,36730,27.65,46.6
1,40878,27.65,48.0
1,80489,27.65,48.0
1,92223,27.65,46.9
1,75914,27.65,50.7
1,48470,27.66,51.2
1,49557,27.66,42.6
1,46752,27.66,46.7
1,92312,27.66,44.4
1,58939,27.66,50.4
1,63215,27.66,48.9
1,49115,27.66,46.3
1,63835,27.66,46.2
1,95796,27.66,46.9
1,49298,27.66,48.1
1,74470,27.66,44.9
1,41440,27.66,45.5
1,91456,27.67,51.3
1,40150,27.67,42.7
1,66796,27.67,45.7
1,56510,27.67,45.5
1,89931,27.67,48.1
1,40517,27.67,47.4
1,65390,27.67,49.1
1,47236,27.68,49.1
1,81493,27.68,51.2
1,44970,27.68,43.4
1,61549,27.68,43.1
1,49310,27.68,45.9
1,40975,27.69,44.2
1,57975,27.69,47.1
1,66656,27.69,43.4
1,74918,27.69,47.2
1,56413,27.69,49.6
1,85375,27.69,47.5
1,40614,27.69,50.4
1,95176,27.70,46.9
1,88374,27.70,53.6
1,92851,27.70,43.2
1,57070,27.70,48.1
1,71170,27.71,48.5
1,68730,27.71,47.6
1,94919,27.71,42.0
1,69450,27.71,43.5
1,61182,27.71,45.6
1,79790,27.71,49.1
1,46434,27.71,48.0
1,88250,27.71,47.5
1,90549,27.72,48.3
1,67695,27.72,47.2
1,64513,27.73,45.7
1,84697,27.73,49.0
1,45675,27.73,47.1
1,83275,27.73,47.4
1,79898,27.73,48.7
1,41050,27.73,48.4
1,40215,27.74,49.3
1,44032,27.74,47.8
1,87254,27.74,47.2
1,80438,27.74,45.5
1,74713,27.74,46.2
1,94650,27.74,46.2
1,65170,27.74,48.5
1,74535,27.74,49.8
1,95435,27.75,47.5
1,93874,27.75,44.4
1,87793,27.76,48.3
1,87343,27.76,47.7
1,68110,27.77,45.5
1,71374,27.77,44.3
1,62430,27.77,48.8
1,92878,27.77,46.2
1,76651,27.77,48.1
1,91898,27.77,45.8
1,66150,27.78,48.8
1,62715,27.78,46.7
1,72311,27.78,45.3
1,45896,27.78,46.6
1,54216,27.78,44.4
1,62154,27.78,49.9
1,56758,27.78,50.2
1,48313,27.79,48.3
1,64998,27.79,47.4
1,48615,27.79,48.0
1,77593,27.80,43.3
1,85162,27.80,45.4
1,86606,27.80,52.0
1,78913,27.80,51.5
1,80020,27.80,54.3
1,47317,27.80,43.3
1,87858,27.80,48.7
1,96474,27.80,45.6
1,58262,27.80,44.8
1,71978,27.80,48.8
1,75086,27.80,45.8
1,79219,27.80,49.3
1,85472,27.80,44.6
1,89362,27.81,43.9
1,87378,27.81,45.4
1,87076,27.81,44.2
1,81515,27.81,49.5
1,70238,27.82,51.3
1,76856,27.82,46.8
1,58211,27.82,45.8
1,74489,27.82,49.4
1,94234,27.82,47.7
1,58831,27.82,47.2
1,40690,27.82,46.7
1,48771,27.83,50.8
1,71935,27.83,47.4
1,84875,27.83,44.5
1,84808,27.83,45.7
1,44253,27.84,48.1
1,56790,27.84,46.8
1,51675,27.84,48.7
1,53317,27.84,48.4
1,63193,27.84,45.3
1,56375,27.85,49.1
1,71730,27.85,45.4
1,57037,27.85,49.2
1,70670,27.85,49.2
1,65790,27.86,50.2
1,61743,27.86,48.6
1,45179,27.87,47.3
1,77895,27.88,44.3
1,93106,27.89,45.8
1,70815,27.89,49.2
1,62391,27.89,46.3
1,56936,27.89,47.3
1,49336,27.89,44.5
1,43338,27.90,45.7
1,51217,27.91,45.5
1,86355,27.91,48.6
1,41599,27.92,47.1
1,77259,27.92,49.4
1,87653,27.92,46.3
1,58173,27.92,46.3
1,63410,27.93,46.4
1,94250,27.93,48.7
1,86436,27.94,45.2
1,41947,27.94,42.3
1,80047,27.94,48.8
1,48852,27.95,47.5
1,89060,27.95,47.8
1,66770,27.95,46.0
1,48151,27.95,45.8
1,51470,27.96,43.6
1,52973,27.96,43.0
1,42072,27.96,41.6
1,79570,27.97,49.8
1,92169,27.98,47.0
1,93530,27.98,44.6
2,66672,27.98,41.9
2,42676,27.98,48.5
2,91634,27.98,46.6
2,81019,27.98,43.4
2,92614,27.99,43.1
2,64416,27.99,47.6
2,93076,27.99,47.0
2,56235,27.99,48.6
2,41556,28.00,46.3
2,49077,28.00,45.5
2,93378,28.01,41.3
2,88331,28.01,51.2
2,81310,28.02,46.2
2,75817,28.02,47.8
2,40916,28.02,44.4
2,49450,28.03,47.5
2,79057,28.04,50.3
2,85049,28.04,48.3
2,61247,28.04,45.0
2,56170,28.04,46.9
2,70599,28.05,44.7
2,40339,28.05,48.0
2,92207,28.05,46.0
2,52434,28.05,44.1
2,82910,28.05,49.0
2,80152,28.06,48.8
2,88064,28.06,42.1
2,81752,28.06,47.6
2,93548,28.06,46.7
2,67679,28.06,50.2
2,93335,28.07,50.7
2,78590,28.08,48.1
2,85669,28.08,43.2
2,85618,28.08,48.5
2,43176,28.08,43.9
2,74730,28.10,46.3
2,83682,28.10,45.7
2,85120,28.10,49.4
2,48950,28.11,45.1
2,58181,28.11,51.1
2,71552,28.11,48.1
2,52353,28.11,49.7
2,70270,28.12,44.9
2,57959,28.12,48.6
2,85677,28.12,49.9
2,66451,28.12,48.4
2,76295,28.13,50.1
2,46914,28.13,45.3
2,40312,28.13,48.7
2,79499,28.13,49.3
2,70092,28.13,49.4
2,44695,28.14,42.1
2,89141,28.14,45.0
2,69990,28.14,42.9
2,87270,28.15,51.8
2,45659,28.15,44.7
2,88714,28.15,49.1
2,74683,28.15,45.7
2,44890,28.15,48.4
2,69213,28.16,46.8
2,54372,28.16,48.8
2,90654,28.16,47.5
2,42951,28.16,43.5
2,66559,28.16,47.7
2,63878,28.16,47.5
2,61590,28.17,46.3
2,89010,28.18,48.4
2,79413,28.18,50.7
2,94935,28.18,47.6
2,63037,28.18,46.2
2,83119,28.18,50.3
2,91952,28.18,46.9
2,42730,28.18,46.2
2,36498,28.19,49.5
2,89206,28.19,47.2
2,67750,28.19,45.0
2,91472,28.19,45.3
2,96733,28.19,45.3
2,79170,28.19,50.7
2,72230,28.19,46.8
2,65854,28.19,45.6
2,86401,28.19,43.9
2,41734,28.21,48.1
2,40770,28.21,44.8
2,91618,28.22,48.7
2,86134,28.22,45.0
2,50636,28.22,47.4
2,93734,28.22,46.8
2,82155,28.22,48.5
2,68578,28.22,49.2
2,81230,28.22,41.1
2,90492,28.22,49.7
2,67776,28.23,50.2
2,69671,28.23,45.3
2,74519,28.23,48.9
2,81094,28.23,46.4
2,67091,28.23,50.9
2,81574,28.24,47.0
2,82074,28.24,46.8
2,61000,28.24,47.5
2,83453,28.24,49.3
2,48593,28.24,50.5
2,93912,28.25,42.1
2,87416,28.25,44.1
2,41033,28.25,47.4
2,62286,28.26,47.0
2,92754,28.26,47.3
2,74993,28.26,50.1
2,89753,28.26,50.5
2,00710,28.26,43.5
2,68519,28.27,44.6
2,87335,28.27,49.2
2,83658,28.27,47.0
2,42374,28.28,46.1
2,93270,28.28,47.1
2,94552,28.28,48.2
2,50490,28.28,46.1
2,95630,28.29,47.2
2,53910,28.29,46.4
2,51314,28.29,47.5
2,87750,28.29,47.5
2,64670,28.29,49.0
2,87459,28.30,50.4
2,88730,28.30,49.6
2,85855,28.30,47.7
2,71471,28.30,48.1
2,96350,28.30,45.5
2,46973,28.31,47.1
2,96555,28.31,47.7
2,48690,28.31,44.7
2,68136,28.31,46.5
2,89249,28.32,44.9
2,93386,28.32,43.7
2,85200,28.32,42.2
2,89095,28.32,48.6
2,50113,28.32,50.2
2,87033,28.33,46.0
2,46477,28.34,48.4
2,42471,28.34,46.0
2,89656,28.35,51.5
2,38490,28.35,48.3
2,91235,28.35,48.1
2,43656,28.35,47.2
2,80098,28.35,46.8
2,49417,28.35,46.6
2,40452,28.36,43.7
2,82252,28.36,42.7
2,52515,28.36,49.1
2,48917,28.36,44.3
2,91251,28.36,48.4
2,61069,28.36,46.5
2,79715,28.36,45.6
2,44490,28.37,46.2
2,86169,28.37,43.4
2,74462,28.37,50.2
2,58076,28.37,46.7
2,41645,28.37,44.8
2,66354,28.38,46.8
2,80551,28.38,46.7
2,76058,28.39,49.4
2,76139,28.39,45.8
2,83372,28.39,48.2
2,78352,28.39,47.7
2,87998,28.40,45.6
2,30953,28.40,45.4
2,82678,28.41,53.1
2,56162,28.41,48.2
2,86851,28.41,48.8
2,40088,28.41,48.8
2,84786,28.42,46.1
2,72095,28.42,48.2
2,96016,28.43,45.1
2,68098,28.43,46.5
2,74012,28.43,44.2
2,69418,28.43,46.0
2,45152,28.43,52.2
2,49972,28.43,46.6
2,64432,28.43,50.6
2,54330,28.44,47.3
2,40398,28.44,43.2
2,74861,28.44,44.7
2,74837,28.44,50.8
2,95753,28.45,44.1
2,68250,28.45,44.9
2,80110,28.45,44.4
2,89028,28.45,44.6
2,62553,28.45,47.0
2,69132,28.45,48.7
2,45438,28.45,45.1
2,83577,28.45,45.3
2,92622,28.46,46.6
2,86673,28.46,48.2
2,90751,28.46,50.1
2,79278,28.46,50.6
2,74500,28.47,48.3
2,35971,28.47,47.7
2,49913,28.47,44.7
2,74624,28.47,45.4
2,78514,28.47,46.7
2,40355,28.47,44.9
2,74160,28.48,49.9
2,95850,28.49,40.8
2,65935,28.49,45.9
2,83534,28.49,51.5
2,77577,28.49,46.0
2,70130,28.50,42.8
2,88994,28.50,49.8
2,41980,28.50,44.7
2,42790,28.51,48.3
2,52256,28.51,40.8
2,58092,28.51,50.7
2,69434,28.51,44.3
2,59218,28.51,49.4
2,62243,28.52,49.8
2,43117,28.53,43.4
2,82015,28.53,42.8
2,45195,28.53,50.1
2,64599,28.53,46.1
2,52230,28.53,42.2
2,62790,28.53,47.5
2,51659,28.54,47.5
2,71030,28.54,48.0
2,81760,28.54,48.3
2,40410,28.54,49.7
2,56952,28.54,46.4
2,71455,28.55,47.8
2,56430,28.55,51.6
2,47171,28.55,48.4
2,38350,28.55,42.7
2,95451,28.55,48.3
2,62359,28.56,48.4
2,74284,28.56,47.1
2,61433,28.56,45.4
2,81795,28.56,47.0
2,47074,28.56,47.7
2,41769,28.56,45.7
2,56308,28.57,44.5
2,62383,28.57,46.1
2,41351,28.57,42.0
2,67490,28.57,47.7
2,96172,28.57,47.1
2,82651,28.57,45.5
2,62871,28.57,45.9
2,80403,28.57,43.8
2,17116,28.57,43.4
2,34738,28.57,45.5
2,74896,28.58,47.6
2,87025,28.58,47.2
2,84913,28.59,44.3
2,41297,28.59,45.2
2,75272,28.59,47.2
2,88234,28.59,47.1
2,89036,28.60,48.8
2,91537,28.60,48.1
2,86100,28.60,48.5
2,48933,28.61,48.1
2,40851,28.61,45.2
2,52132,28.61,50.1
2,67733,28.61,47.0
2,88870,28.62,49.8
2,83712,28.62,44.7
2,84760,28.62,49.4
2,86835,28.63,48.2
2,56030,28.63,51.8
2,74314,28.63,44.9
2,66931,28.63,42.2
2,00450,28.63,49.7
2,68276,28.64,47.9
2,87815,28.64,50.5
2,59153,28.64,46.6
2,99031,28.64,50.0
2,52078,28.64,45.1
2,66036,28.65,47.6
2,88765,28.65,47.2
2,62570,28.65,48.6
2,80918,28.66,42.0
2,84654,28.66,47.3
2,40711,28.66,45.3
2,47430,28.66,47.0
2,84573,28.66,50.0
2,00191,28.66,47.8
2,93297,28.66,46.0
2,60011,28.67,47.1
2,78034,28.67,45.3
2,78050,28.67,44.8
2,77976,28.68,46.1
2,81639,28.68,47.8
2,63959,28.68,45.5
2,95893,28.68,47.0
2,64238,28.69,44.2
2,47112,28.69,48.0
2,81213,28.69,47.1
2,63290,28.69,45.0
2,44717,28.70,46.4
2,95737,28.70,47.1
2,81175,28.71,47.4
2,46590,28.71,45.9
2,50199,28.71,45.9
2,62758,28.71,49.9
2,83313,28.71,46.5
2,69353,28.71,47.4
2,64459,28.72,50.1
2,64378,28.72,43.8
2,61867,28.72,45.0
2,36218,28.72,47.7
2,86410,28.72,46.6
2,89052,28.72,50.0
2,41467,28.73,47.4
2,61972,28.73,49.1
2,89575,28.73,47.2
2,41513,28.73,46.2
2,50210,28.73,48.2
2,51179,28.75,45.6
2,79731,28.75,50.0
2,34312,28.75,50.9
2,89125,28.75,45.3
2,96059,28.76,45.4
2,47716,28.76,45.4
2,41939,28.76,47.2
2,77232,28.76,48.6
2,46353,28.77,48.9
2,41971,28.77,45.4
2,56499,28.77,46.1
2,41998,28.77,47.7
2,42137,28.78,46.3
2,47635,28.78,49.1
2,83798,28.78,46.5
2,65293,28.78,48.9
2,65374,28.79,44.6
2,83437,28.79,47.4
2,58114,28.79,49.8
2,42331,28.79,44.4
2,74560,28.79,44.7
2,89192,28.79,47.5
2,00558,28.79,49.0
2,43818,28.79,48.3
2,58912,28.79,44.2
2,49859,28.79,46.6
2,46337,28.80,46.5
2,78158,28.80,47.3
2,85871,28.80,49.3
2,88315,28.81,47.1
2,80179,28.81,45.5
2,86932,28.81,50.0
2,41637,28.81,47.0
2,45594,28.81,50.0
2,58955,28.81,46.8
2,93017,28.81,50.0
2,90590,28.81,47.0
2,94730,28.81,46.8
2,86118,28.81,48.2
2,86746,28.81,41.5
2,56103,28.82,48.0
2,83178,28.82,45.2
2,45578,28.82,47.6
2,71072,28.82,48.7
2,94358,28.82,48.1
2,63630,28.82,49.1
2,69078,28.83,46.6
2,80721,28.83,44.4
2,88722,28.83,47.1
2,75124,28.83,49.3
2,43397,28.84,44.5
2,50695,28.84,51.5
2,41114,28.84,50.0
2,71358,28.84,49.9
2,66915,28.84,43.7
2,48054,28.84,49.4
2,71811,28.84,46.6
2,42714,28.85,44.8
2,44776,28.85,47.0
2,90794,28.85,46.5
2,89958,28.85,49.3
2,88889,28.85,41.1
2,53694,28.85,46.3
2,93955,28.85,47.3
2,42439,28.85,47.4
2,83097,28.86,47.2
2,54410,28.86,47.6
2,42358,28.86,49.7
2,76171,28.86,44.2
2,70050,28.87,48.7
2,70750,28.87,48.9
2,58238,28.87,47.2
2,74578,28.87,48.1
2,75264,28.87,48.8
2,92320,28.87,53.0
2,41416,28.88,50.0
2,56456,28.88,46.3
2,44091,28.88,49.5
2,89567,28.89,42.5
2,88021,28.89,43.1
2,18279,28.89,45.0
2,21997,28.89,50.7
2,75175,28.90,47.2
2,75230,28.90,47.3
2,57118,28.91,50.4
2,79618,28.91,51.1
2,63657,28.91,46.9
2,66710,28.91,48.2
2,87807,28.92,45.6
2,56472,28.92,48.6
2,46710,28.92,44.3
2,46957,28.92,42.8
2,63118,28.93,48.7
2,63258,28.94,47.7
2,63371,28.94,45.8
2,47732,28.94,39.8
2,88200,28.94,49.7
2,40908,28.94,47.5
2,44172,28.94,48.1
2,87777,28.95,48.5
2,86827,28.95,46.1
2,56200,28.95,47.5
2,49492,28.96,46.8
2,90956,28.96,45.7
2,80632,28.97,46.4
2,58203,28.97,47.4
2,71056,28.97,48.6
2,67598,28.98,46.5
2,76937,28.98,49.4
2,64912,28.98,48.3
2,94714,28.98,45.6
2,43036,28.99,45.2
2,85537,28.99,47.9
2,53430,28.99,48.8
2,56090,28.99,46.9
2,96911,29.00,44.0
2,68195,29.01,46.3
2,49638,29.01,47.6
2,51373,29.01,46.0
2,41750,29.02,46.5
2,71870,29.02,45.4
2,75710,29.02,46.9
2,54038,29.02,47.3
2,80870,29.02,47.5
2,12637,29.03,52.7
2,49514,29.03,48.6
2,68691,29.03,47.7
2,90719,29.03,47.3
2,80780,29.03,41.4
2,76090,29.03,51.2
2,76554,29.03,44.6
2,86398,29.03,48.9
2,68853,29.04,48.1
2,46574,29.04,49.5
2,78816,29.04,50.0
2,53716,29.05,46.4
2,69752,29.05,50.3
2,00353,29.05,48.9
2,67970,29.05,49.9
2,81043,29.06,48.8
2,47511,29.06,46.7
2,46558,29.06,48.0
2,35734,29.06,48.6
2,40576,29.06,48.0
2,53031,29.06,43.3
2,55069,29.06,44.2
2,62952,29.06,46.6
2,61255,29.07,48.5
2,58610,29.07,47.0
2,86452,29.07,45.3
2,40096,29.07,47.7
2,38156,29.07,44.3
2,89486,29.07,45.0
2,41580,29.08,44.7
2,61646,29.08,45.8
2,87300,29.08,50.8
2,85928,29.09,45.3
2,30813,29.09,45.8
2,47953,29.09,45.8
2,83836,29.09,47.5
2,43575,29.09,43.4
2,88218,29.10,48.2
2,75787,29.10,48.6
2,99074,29.10,43.2
2,81370,29.10,46.1
2,52450,29.10,44.3
2,46930,29.10,46.5
2,62995,29.11,44.0
2,44237,29.11,46.0
2,65951,29.12,47.8
2,56693,29.12,48.6
2,93041,29.12,45.1
2,47651,29.12,46.9
2,82937,29.12,42.9
2,19917,29.14,51.7
2,77313,29.14,45.6
2,65919,29.14,49.1
2,47970,29.14,48.8
2,94153,29.14,44.2
2,00230,29.14,46.5
2,43737,29.16,48.9
2,42293,29.16,45.8
2,92460,29.16,46.0
2,74110,29.16,48.4
2,77534,29.16,47.2
2,54070,29.16,46.8
2,47490,29.17,48.2
2,63339,29.17,45.7
2,41491,29.17,43.1
2,50458,29.17,53.1
2,44156,29.17,50.2
2,81876,29.17,45.8
2,89893,29.17,47.1
2,87262,29.18,47.5
2,84905,29.18,47.5
2,85235,29.18,47.7
2,48798,29.18,46.8
2,35394,29.18,52.1
2,88544,29.18,40.1
2,78239,29.18,50.3
2,54399,29.19,45.6
2,42510,29.19,47.4
2,38717,29.19,45.5
2,74217,29.19,47.5
2,70114,29.19,45.4
2,87386,29.19,47.0
2,65315,29.19,46.5
2,81116,29.19,43.9
2,59196,29.19,48.6
2,49891,29.20,42.8
2,48330,29.20,47.9
2,52795,29.21,43.9
2,86312,29.22,45.2
2,41157,29.22,49.5
2,61050,29.22,44.9
2,49751,29.22,48.1
2,95559,29.23,47.7
2,88803,29.23,51.3
2,68357,29.23,48.4
2,76511,29.23,46.1
2,93440,29.24,50.3
2,61395,29.24,47.0
2,78719,29.24,48.0
2,93491,29.24,49.9
2,52957,29.24,49.0
2,76317,29.24,50.4
2,90093,29.25,46.3
2,56138,29.25,47.3
2,56073,29.25,47.8
2,25313,29.26,46.0
2,78271,29.26,50.8
2,56774,29.26,46.6
2,72435,29.26,48.1
2,79839,29.26,46.2
2,76538,29.26,46.9
2,88501,29.26,46.7
2,62189,29.27,48.0
2,61808,29.27,46.0
2,96695,29.28,45.6
2,93084,29.29,43.4
2,74721,29.29,47.3
2,48070,29.30,45.7
2,67415,29.31,45.5
2,66230,29.31,47.5
2,80594,29.31,47.4
2,62081,29.31,45.0
2,79073,29.32,46.2
2,88676,29.32,46.5
2,58971,29.32,46.3
2,39357,29.33,47.3
2,69590,29.33,46.2
2,53856,29.33,47.8
2,91391,29.34,46.4
2,38946,29.34,46.0
2,68454,29.34,48.8
2,91219,29.34,49.1
2,49875,29.34,39.2
2,79111,29.35,42.4
2,49611,29.35,47.5
2,45691,29.36,44.2
2,46213,29.36,46.7
2,34495,29.36,47.3
2,64971,29.36,46.8
2,90352,29.37,49.3
2,00590,29.37,42.1
2,74756,29.37,45.3
2,89214,29.37,46.3
2,95877,29.37,44.4
2,41360,29.37,43.0
2,89281,29.37,40.5
2,76490,29.37,47.1
2,61123,29.38,49.8
2,45756,29.38,47.0
2,45292,29.38,43.1
2,72273,29.39,49.2
2,80144,29.39,43.0
2,48437,29.39,48.5
2,87351,29.39,47.6
2,82279,29.39,45.7
2,67393,29.39,45.5
2,80187,29.39,50.4
2,52990,29.39,44.9
2,61824,29.40,46.7
2,54275,29.40,48.1
2,79430,29.40,47.6
2,90514,29.40,48.9
2,79758,29.40,44.8
2,40932,29.40,48.4
2,78190,29.41,46.5
2,52396,29.41,46.0
2,79677,29.41,50.5
2,39454,29.41,44.8
2,90050,29.41,47.4
2,63738,29.42,44.6
2,36757,29.42,41.8
2,40959,29.42,45.8
2,56618,29.42,47.6
2,93637,29.43,48.6
2,61476,29.43,46.9
2,59099,29.43,46.4
2,84719,29.43,45.8
2,89915,29.43,47.4
2,82570,29.43,48.6
2,74934,29.43,47.9
2,65595,29.43,46.8
2,75450,29.43,50.2
2,65056,29.43,45.5
2,83410,29.44,45.9
2,92100,29.44,43.9
2,89508,29.45,49.7
2,75507,29.45,46.6
2,84816,29.46,47.3
2,70858,29.46,46.2
2,45454,29.46,47.5
2,50237,29.46,46.9
2,77518,29.46,47.2
2,70076,29.46,47.3
2,88145,29.46,49.7
2,42447,29.47,53.9
2,51870,29.47,47.2
2,82457,29.47,46.1
2,42250,29.47,44.1
2,61301,29.48,46.3
2,96091,29.48,47.9
2,17612,29.48,44.5
2,56006,29.48,47.2
2,91774,29.48,44.6
2,91278,29.49,51.7
2,65196,29.49,47.3
2,96512,29.50,50.3
2,89532,29.50,47.0
2,36390,29.50,45.6
2,75655,29.50,46.3
2,94510,29.51,47.9
2,71773,29.51,46.0
2,81990,29.52,48.8
2,47554,29.52,46.1
2,33871,29.52,42.3
2,58793,29.52,50.6
2,47210,29.53,46.2
2,42994,29.53,50.0
2,37958,29.54,47.5
2,43257,29.54,46.2
2,84638,29.54,45.8
2,78930,29.54,46.6
2,78891,29.54,44.5
2,42315,29.54,48.9
2,83518,29.54,44.2
2,85707,29.55,44.1
2,43311,29.55,48.8
2,39470,29.56,44.3
2,43710,29.56,46.9
2,81698,29.56,47.3
2,98256,29.57,47.5
2,49654,29.57,46.3
2,42420,29.57,47.2
2,81396,29.57,47.4
2,56154,29.57,48.0
2,75957,29.58,49.4
2,63096,29.58,43.0
2,95818,29.58,48.3
2,53058,29.59,49.0
2,66990,29.59,45.9
2,53139,29.59,42.5
2,85723,29.60,42.4
2,44555,29.60,47.7
2,58530,29.60,47.5
2,58246,29.61,45.5
2,77097,29.61,48.1
2,87408,29.61,48.8
2,34509,29.62,48.6
2,58343,29.62,46.7
2,85960,29.62,41.2
2,77631,29.62,44.8
2,51195,29.62,46.1
2,75892,29.63,47.0
2,89796,29.63,45.0
2,91650,29.63,47.9
2,64718,29.63,44.9
2,89435,29.63,46.0
2,79090,29.64,47.3
2,43532,29.64,48.2
2,74209,29.64,46.1
2,75760,29.64,46.7
2,51977,29.64,47.2
2,59072,29.65,47.6
2,49816,29.65,44.6
2,43435,29.65,47.7
2,80756,29.66,45.6
2,77011,29.66,48.0
2,41831,29.66,47.4
2,75485,29.66,47.0
2,65471,29.67,47.8
2,68179,29.67,44.6
2,82716,29.67,52.0
2,86231,29.68,44.3
2,48518,29.68,49.2
2,48712,29.69,44.9
2,69736,29.69,48.4
2,78832,29.69,43.6
2,89630,29.70,47.3
2,87769,29.70,43.4
2,45853,29.70,47.3
2,75582,29.71,42.6
2,93190,29.71,47.4
2,77135,29.71,44.5
2,00175,29.71,48.5
2,58599,29.72,46.1
2,63398,29.72,48.7
2,74845,29.72,49.3
2,93483,29.72,43.8
2,64734,29.72,48.2
2,92339,29.72,46.5
2,92673,29.73,41.7
2,61131,29.74,45.6
2,65650,29.74,47.3
2,34797,29.74,48.6
2,58297,29.74,45.7
2,40630,29.75,47.7
2,80225,29.75,49.1
2,82058,29.75,50.4
2,63533,29.75,45.9
2,53376,29.75,47.7
2,77410,29.75,47.5
2,81469,29.76,44.6
2,90760,29.76,49.4
2,85740,29.76,45.1
2,52051,29.76,46.9
2,91596,29.76,48.7
2,41793,29.76,47.3
2,83038,29.76,44.4
2,92983,29.77,48.5
2,85383,29.77,46.1
2,58351,29.77,45.8
2,46191,29.78,46.7
2,93564,29.78,43.5
2,82872,29.78,47.8
2,49174,29.78,46.4
2,81892,29.78,46.7
2,91553,29.78,46.0
2,56596,29.79,48.6
2,14915,29.79,44.8
2,51918,29.79,47.4
2,80071,29.79,48.4
2,76392,29.80,43.8
2,35793,29.80,47.6
2,95575,29.80,46.0
2,81582,29.80,41.5
2,50555,29.80,45.9
2,64793,29.80,47.0
2,67130,29.80,48.9
2,49697,29.81,45.2
2,65773,29.81,46.7
2,50539,29.81,49.7
2,66613,29.82,46.1
2,40495,29.82,45.6
2,58734,29.82,44.3
2,58858,29.82,47.3
2,48372,29.82,43.6
2,45837,29.83,43.0
2,80276,29.84,48.5
2,40673,29.84,45.6
2,88404,29.84,50.9
2,92991,29.84,47.8
2,47899,29.84,46.1
2,48976,29.85,44.4
2,62936,29.86,47.7
2,76996,29.86,47.5
2,79456,29.86,49.4
2,82198,29.87,41.7
2,39632,29.88,47.9
2,95052,29.88,45.5
2,88366,29.88,48.0
2,80799,29.89,49.2
2,45977,29.89,45.8
2,80705,29.89,48.8
2,93971,29.90,45.2
2,64637,29.90,46.3
2,81477,29.90,46.0
2,58254,29.90,46.3
2,75280,29.90,43.2
2,78557,29.91,44.3
2,83690,29.91,49.8
2,82791,29.91,45.7
2,44296,29.92,44.9
2,86843,29.92,46.6
2,45870,29.92,47.1
2,95273,29.93,46.0
2,51276,29.93,45.1
2,87645,29.93,44.5
2,81400,29.94,43.3
2,74098,29.94,48.5
2,74829,29.95,49.3
2,83330,29.95,49.3
2,40185,29.95,48.7
2,93238,29.95,45.5
2,91790,29.95,48.2
2,98795,29.96,48.6
2,65730,29.96,46.1
2,92495,29.96,50.0
2,79316,29.96,45.7
2,65358,29.96,45.2
2,51896,29.96,50.5
2,61506,29.97,45.6
2,76279,29.97,43.0
2,49832,29.97,49.4
2,00337,29.97,45.2
2,67890,29.97,47.5
2,89800,29.98,45.3
2,90131,29.98,48.0
2,50598,29.98,46.2
2,47813,29.98,47.9
2,90999,29.98,48.7
2,85790,29.99,53.0
2,40746,29.99,48.0
2,46850,29.99,49.5
2,40258,29.99,45.7
2,86665,29.99,48.2
2,48410,29.99,47.1
2,66958,29.99,43.5
2,93459,29.99,47.8
2,51390,30.00,47.2
2,80985,30.00,44.6
2,96334,30.00,47.8
2,16390,30.01,45.2
2,43290,30.01,45.8
2,54291,30.01,41.3
2,87106,30.02,48.8
2,50954,30.02,45.8
2,95672,30.02,47.7
2,81353,30.02,51.1
2,63576,30.03,46.0
2,40657,30.03,52.0
2,91332,30.03,46.5
2,56081,30.03,49.0
2,95656,30.04,47.6
2,78638,30.04,48.4
2,87920,30.04,49.1
2,42099,30.04,47.6
2,11371,30.04,42.4
2,74306,30.04,50.1
2,89265,30.04,42.5
2,71110,30.05,48.9
2,51756,30.05,43.6
2,83879,30.06,46.5
2,70416,30.06,49.4
2,85278,30.06,50.8
2,98191,30.07,46.5
2,71617,30.07,43.6
2,52116,30.07,47.7
2,71897,30.07,47.4
2,74128,30.07,46.4
2,47791,30.07,48.1
2,79391,30.07,45.8
2,63592,30.08,52.8
2,86630,30.08,47.2
2,53015,30.08,48.8
2,40371,30.08,46.6
2,81027,30.08,45.3
2,82295,30.08,49.2
2,62235,30.08,44.8
2,42838,30.09,46.1
2,65412,30.09,50.1
2,52299,30.09,46.2
2,64955,30.09,44.4
2,56715,30.10,46.3
2,45071,30.10,46.9
2,66699,30.10,45.2
2,68233,30.11,45.8
2,86150,30.11,47.2
2,94854,30.11,44.9
2,74659,30.11,46.7
2,42129,30.11,49.5
2,92932,30.11,45.8
2,58815,30.12,42.0
2,46370,30.12,44.9
2,89974,30.12,49.3
2,92061,30.12,51.5
2,33936,30.12,47.1
2,56197,30.12,45.9
2,65617,30.12,43.8
2,41530,30.12,47.7
2,77879,30.12,46.4
2,82775,30.13,48.7
2,53872,30.13,48.2
2,51454,30.14,42.6
2,76074,30.14,48.5
2,50474,30.15,47.6
2,78093,30.15,50.7
2,90700,30.15,45.6
2,61042,30.16,45.0
2,98779,30.16,46.9
2,94218,30.16,44.6
2,68411,30.16,46.4
2,56812,30.16,46.1
2,66575,30.16,39.0
2,50830,30.16,45.0
2,47570,30.16,53.2
2,58513,30.17,43.9
2,16012,30.17,46.6
2,74977,30.17,43.8
2,62650,30.17,44.6
2,44954,30.17,47.8
2,40053,30.17,46.6
2,48755,30.18,49.7
2,71595,30.18,43.4
2,86240,30.18,49.0
2,41149,30.18,49.5
2,49158,30.19,47.5
2,82350,30.20,49.4
2,70939,30.20,41.7
2,40622,30.20,45.5
2,74810,30.20,47.4
2,00698,30.21,46.4
2,40525,30.21,44.0
2,78956,30.21,50.1
2,62898,30.21,47.6
2,56219,30.21,47.4
2,58718,30.21,47.0
2,42170,30.21,48.1
2,47058,30.21,46.9
2,64815,30.21,47.5
2,82333,30.21,47.2
2,40819,30.21,45.5
2,72397,30.22,48.7
2,80810,30.22,50.6
2,56839,30.22,44.5
2,81833,30.22,46.5
2,79472,30.22,46.9
2,86053,30.22,45.3
2,48194,30.23,46.5
2,76155,30.23,45.2
2,42897,30.23,43.6
2,65676,30.23,47.3
2,80730,30.23,46.2
2,43834,30.23,42.3
2,78735,30.24,46.9
2,92789,30.24,47.7
2,40860,30.24,49.5
2,58637,30.24,45.9
2,75035,30.25,47.1
2,74330,30.25,47.1
2,92657,30.26,45.2
2,66133,30.26,43.2
2,10693,30.26,51.1
2,51357,30.26,43.6
2,82112,30.26,43.4
2,90670,30.26,47.1
2,36897,30.26,49.0
2,89247,30.26,42.1
2,75574,30.26,48.3
2,90425,30.27,43.6
2,61271,30.27,46.8
2,56251,30.27,48.1
2,90360,30.27,45.7
2,70432,30.28,43.5
2,94374,30.29,43.3
2,68594,30.29,47.9
2,10170,30.29,45.3
2,31054,30.29,47.0
2,58440,30.29,45.0
2,74420,30.29,45.7
2,50431,30.29,47.0
2,89737,30.29,48.4
2,78573,30.30,46.0
2,94790,30.30,51.9
2,19860,30.30,44.8
2,80748,30.31,41.2
2,84921,30.31,46.0
2,80322,30.31,49.3
2,58408,30.31,45.5
2,35050,30.32,46.7
2,45713,30.32,48.3
2,80233,30.32,49.3
2,51993,30.32,49.8
2,70378,30.33,48.2
2,49131,30.33,46.5
2,79375,30.33,49.2
2,19470,30.34,49.8
2,85634,30.34,48.0
2,41173,30.34,45.5
2,49930,30.34,45.6
2,59137,30.34,47.3
2,89818,30.34,50.4
2,48119,30.35,46.5
2,78298,30.35,46.7
2,77836,30.35,45.4
2,92444,30.35,46.5
2,51438,30.36,44.3
2,80241,30.36,46.0
2,41076,30.36,45.1
2,43230,30.36,44.2
2,51713,30.36,44.4
2,58157,30.37,45.0
2,61611,30.37,47.5
2,76899,30.37,49.9
2,81680,30.37,46.9
2,69191,30.37,48.8
2,84611,30.37,47.4
2,52094,30.37,48.3
2,63053,30.38,44.7
2,94137,30.38,48.6
2,82236,30.38,44.5
2,71218,30.38,44.2
2,90476,30.38,48.2
2,74764,30.40,50.1
2,17698,30.40,46.1
2,34363,30.40,45.8
2,74438,30.40,45.7
2,48259,30.40,45.0
2,76015,30.41,44.3
2,40649,30.41,43.7
2,82830,30.41,45.0
2,93033,30.42,50.2
2,56022,30.43,50.5
2,10715,30.43,43.8
2,58025,30.43,45.3
2,94110,30.43,45.1
2,86274,30.44,45.5
2,43150,30.44,42.7
2,47872,30.44,49.8
2,10995,30.44,44.3
2,19666,30.45,51.0
2,75639,30.45,48.2
2,55050,30.45,46.8
2,58130,30.45,47.3
2,56120,30.45,47.0
2,91855,30.45,47.2
2,90310,30.45,46.1
2,76759,30.45,48.4
2,21130,30.46,48.9
2,39756,30.46,47.1
2,53236,30.46,46.5
2,59277,30.46,42.1
2,86908,30.46,46.6
2,75590,30.46,47.6
2,84980,30.46,45.9
2,90816,30.47,46.1
2,75108,30.47,46.4
2,78310,30.48,46.3
2,84670,30.48,49.9
2,74381,30.48,43.6
2,54151,30.48,47.0
2,44830,30.49,49.9
2,41092,30.49,49.0
2,81612,30.51,47.0
2,43478,30.51,49.9
2,93181,30.51,44.2
2,88668,30.51,47.6
2,00272,30.52,48.9
2,69817,30.52,47.1
2,79952,30.52,45.9
2,85715,30.52,46.8
2,44415,30.52,47.7
2,53619,30.53,42.4
2,77437,30.53,44.8
2,12076,30.53,45.0
2,68314,30.54,45.5
2,95150,30.54,46.9
2,80659,30.54,44.5
2,86347,30.54,43.4
2,66052,30.54,46.1
2,90298,30.54,48.2
2,63355,30.55,47.7
2,87068,30.55,48.1
2,93246,30.55,41.5
2,61859,30.55,48.6
2,52752,30.56,48.6
2,98078,30.56,47.8
2,80268,30.56,45.7
2,95770,30.57,46.3
2,63495,30.57,49.4
2,33170,30.57,45.6
2,44750,30.57,46.9
2,47155,30.58,45.4
2,58874,30.58,45.2
2,59234,30.58,45.4
2,76570,30.58,46.1
2,76953,30.59,48.0
2,16616,30.59,46.9
2,34959,30.59,48.3
2,24910,30.59,48.7
2,85529,30.59,47.1
2,80420,30.59,40.9
2,69710,30.60,50.4
2,37257,30.60,44.3
2,46736,30.60,41.7
2,59170,30.60,41.9
2,74853,30.61,49.0
2,75515,30.61,48.1
2,64076,30.61,47.6
2,37737,30.61,47.9
2,25135,30.62,44.2
2,87564,30.62,46.1
2,94978,30.62,45.6
2,78611,30.62,44.7
2,85464,30.62,48.0
2,75493,30.62,46.8
3,88528,30.63,43.2
3,61700,30.63,47.9
3,76473,30.63,46.6
3,78379,30.63,46.2
3,50997,30.64,49.1
3,96873,30.64,47.8
3,44652,30.64,47.5
3,98310,30.64,46.8
3,44733,30.64,43.9
3,85510,30.64,55.0
3,83070,30.64,46.8
3,78476,30.64,51.0
3,80039,30.65,47.0
3,49093,30.65,46.7
3,71234,30.65,44.1
3,76198,30.65,50.1
3,91499,30.65,44.6
3,98639,30.65,49.8
3,48216,30.66,47.8
3,77119,30.66,43.5
3,91138,30.66,46.2
3,38377,30.66,46.6
3,86444,30.66,44.6
3,88846,30.66,48.3
3,56731,30.66,51.9
3,50873,30.67,42.1
3,80802,30.68,49.5
3,68292,30.68,46.6
3,91901,30.68,52.1
3,92215,30.68,47.7
3,90522,30.68,47.5
3,18392,30.68,44.7
3,58033,30.68,48.2
3,73369,30.69,44.2
3,79855,30.69,49.5
3,82953,30.69,47.1
3,68950,30.69,49.6
3,47252,30.70,45.1
3,82694,30.70,45.2
3,78395,30.70,44.1
3,83933,30.70,48.0
3,42811,30.71,47.1
3,96610,30.71,46.3
3,65099,30.71,45.7
3,98833,30.71,47.3
3,45497,30.72,47.3
3,74675,30.73,41.7
3,74179,30.73,47.6
3,00620,30.73,46.3
3,38806,30.73,48.4
3,96415,30.74,47.7
3,84972,30.74,39.6
3,50733,30.74,51.1
3,81710,30.74,45.3
3,44075,30.76,44.3
3,61530,30.76,48.4
3,62324,30.76,42.8
3,89877,30.76,49.8
3,65498,30.76,48.5
3,36552,30.77,48.4
3,41190,30.77,48.4
3,45390,30.77,46.7
3,35335,30.77,47.3
3,61875,30.77,48.3
3,41661,30.78,47.6
3,86142,30.78,46.5
3,00655,30.78,50.7
3,46159,30.78,47.5
3,81442,30.78,45.9
3,46078,30.78,45.8
3,55018,30.78,45.6
3,50318,30.78,44.9
3,48895,30.79,47.8
3,61581,30.79,48.1
3,56391,30.79,45.6
3,38890,30.79,45.5
3,52655,30.80,44.4
3,75558,30.80,49.7
3,11975,30.80,44.8
3,59331,30.80,47.1
3,42935,30.80,49.2
3,94951,30.81,43.2
3,43990,30.81,42.4
3,71412,30.81,46.7
3,92398,30.81,49.4
3,88005,30.82,46.4
3,34592,30.82,46.1
3,80454,30.82,45.2
3,98914,30.82,47.9
3,75795,30.83,49.5
3,50393,30.83,45.8
3,81035,30.83,47.3
3,84948,30.83,43.2
3,86363,30.83,51.2
3,80560,30.83,46.7
3,92266,30.83,49.4
3,78670,30.84,47.6
3,50270,30.84,49.2
3,89311,30.85,45.1
3,78654,30.85,49.0
3,92819,30.85,42.4
3,93793,30.85,46.8
3,79596,30.86,45.3
3,18937,30.87,51.5
3,20516,30.87,48.6
3,46094,30.87,46.5
3,81566,30.87,50.3
3,75043,30.87,49.4
3,49719,30.88,46.1
3,62413,30.88,46.4
3,19887,30.88,48.3
3,48135,30.88,46.4
3,51616,30.88,47.8
3,83011,30.88,46.1
3,42978,30.88,44.0
3,61280,30.88,50.4
3,61905,30.89,47.0
3,62332,30.89,46.0
3,82139,30.89,48.9
3,74667,30.89,46.5
3,63770,30.89,49.0
3,77739,30.89,45.4
3,42617,30.89,50.6
3,74233,30.89,45.5
3,46132,30.89,46.5
3,43699,30.89,40.2
3,42200,30.90,46.7
3,74241,30.90,48.0
3,58270,30.91,45.4
3,90433,30.91,46.8
3,83615,30.91,47.9
3,56979,30.92,50.6
3,11797,30.92,43.6
3,75078,30.92,48.4
3,75191,30.92,48.4
3,61336,30.93,45.8
3,74047,30.93,46.1
3,77550,30.93,47.9
3,93599,30.93,45.7
3,42463,30.94,48.0
3,46876,30.95,48.0
3,48496,30.95,43.8
3,87475,30.95,44.7
3,84891,30.96,47.6
3,47279,30.96,48.5
3,51098,30.96,47.9
3,42102,30.97,41.0
3,69574,30.97,46.9
3,40681,30.97,44.6
3,47090,30.97,47.0
3,11916,30.97,49.3
3,82414,30.98,45.2
3,22438,30.98,48.6
3,35718,30.98,46.8
3,57991,30.99,48.2
3,69876,30.99,47.3
3,75370,30.99,46.7
3,79154,31.00,47.5
3,54437,31.00,45.3
3,33898,31.00,45.2
3,80527,31.00,46.7
3,51250,31.01,47.4
3,82732,31.01,51.8
3,61999,31.01,47.7
3,90182,31.01,45.2
3,15199,31.02,46.4
3,85600,31.02,45.2
3,37915,31.03,48.3
3,42498,31.03,47.6
3,71153,31.04,45.6
3,47775,31.04,44.8
3,74802,31.04,43.7
3,58750,31.05,46.4
3,59030,31.05,44.7
3,34258,31.05,46.8
3,24538,31.05,46.5
3,53333,31.06,47.1
3,16594,31.06,44.8
3,41785,31.06,44.8
3,39411,31.06,45.4
3,48356,31.07,44.6
3,50776,31.07,43.0
3,59315,31.07,46.5
3,71498,31.07,49.0
3,82538,31.08,45.9
3,39012,31.08,48.1
3,80446,31.08,43.2
3,43370,31.08,44.2
3,44318,31.09,49.0
3,41920,31.09,47.2
3,19135,31.09,49.6
3,80063,31.09,42.4
3,17434,31.10,45.3
3,69892,31.10,44.8
3,41866,31.10,45.7
3,53279,31.10,44.7
3,35599,31.10,43.6
3,33090,31.11,50.2
3,44911,31.11,45.8
3,37567,31.11,46.2
3,48658,31.11,49.2
3,92231,31.11,45.2
3,74403,31.12,53.7
3,69957,31.13,44.6
3,40665,31.13,43.7
3,30937,31.13,47.5
3,90239,31.13,43.2
3,62073,31.13,48.1
3,51039,31.13,44.6
3,20257,31.14,44.3
3,74497,31.14,45.1
3,61107,31.14,50.6
3,87572,31.14,49.6
3,74292,31.14,47.3
3,52337,31.14,47.6
3,61751,31.14,47.8
3,56995,31.15,46.0
3,58068,31.15,49.3
3,90387,31.15,48.3
3,40347,31.15,48.5
3,58017,31.16,47.5
3,68934,31.16,42.1
3,52019,31.16,46.4
3,51012,31.16,45.3
3,53899,31.16,49.2
3,84964,31.17,48.2
3,00728,31.17,41.5
3,79812,31.17,47.8
3,81086,31.17,43.8
3,80691,31.17,46.9
3,70017,31.18,47.2
3,93122,31.18,44.6
3,89990,31.18,45.3
3,76694,31.18,47.8
3,12033,31.18,47.1
3,77356,31.19,45.9
3,43273,31.19,45.3
3,66516,31.19,45.1
3,85944,31.19,46.7
3,86509,31.19,43.7
3,42773,31.19,47.3
3,79871,31.19,46.0
3,12254,31.20,46.1
3,90930,31.20,48.2
3,53457,31.20,44.8
3,10359,31.20,47.2
3,18350,31.20,46.3
3,24376,31.20,47.0
3,35149,31.20,41.8
3,77712,31.21,48.0
3,83216,31.21,46.9
3,40070,31.21,42.7
3,82490,31.22,46.9
3,49212,31.22,46.0
3,77917,31.22,45.5
3,16934,31.23,40.5
3,93165,31.23,43.3
3,48739,31.23,47.5
3,65811,31.24,47.7
3,00256,31.25,46.7
3,75213,31.25,45.8
3,67199,31.25,45.1
3,75779,31.26,42.9
3,71790,31.26,45.7
3,52558,31.27,51.5
3,92282,31.27,46.6
3,12270,31.28,48.1
3,34819,31.28,49.7
3,35610,31.28,48.8
3,92355,31.28,45.1
3,75418,31.29,45.9
3,85111,31.29,48.3
3,90255,31.29,47.3
3,80055,31.29,48.6
3,74349,31.29,47.8
3,49670,31.29,46.1
3,37036,31.29,50.0
3,62260,31.29,45.9
3,67814,31.30,45.4
3,80292,31.30,40.5
3,44857,31.30,44.1
3,67857,31.30,45.7
3,53392,31.30,43.7
3,64530,31.30,45.9
3,00566,31.30,46.0
3,52272,31.30,44.8
3,44598,31.30,45.2
3,79774,31.31,51.7
3,56227,31.31,48.6
3,56634,31.31,47.0
3,76970,31.32,46.0
3,61964,31.32,45.2
3,80543,31.33,42.7
3,81191,31.33,45.9
3,72338,31.33,47.1
3,87424,31.33,48.5
3,80977,31.33,45.6
3,90158,31.33,45.8
3,67555,31.33,45.7
3,96539,31.34,44.6
3,51330,31.34,47.3
3,72419,31.35,44.9
3,75540,31.35,49.8
3,18694,31.36,45.2
3,75566,31.36,48.0
3,49999,31.36,46.7
3,43354,31.36,44.4
3,91197,31.36,42.6
3,83925,31.37,47.0
3,46272,31.37,45.6
3,26174,31.37,48.6
3,92894,31.37,45.2
3,86703,31.37,45.3
3,43796,31.38,45.8
3,61484,31.38,46.6
3,50610,31.38,47.0
3,37451,31.38,45.8
3,58319,31.39,44.4
3,39616,31.39,49.2
3,56111,31.40,47.4
3,12360,31.40,44.4
3,64556,31.40,45.6
3,40002,31.40,44.1
3,83550,31.41,47.6
3,91359,31.41,44.3
3,00574,31.41,47.2
3,94315,31.41,50.3
3,17191,31.41,47.2
3,68039,31.41,44.2
3,34657,31.42,46.8
3,92835,31.42,39.3
3,98957,31.42,46.8
3,46531,31.42,45.2
3,18538,31.43,50.3
3,92860,31.43,45.9
3,00663,31.44,46.1
3,93513,31.44,44.1
3,42692,31.44,43.8
3,42633,31.44,47.7
3,80500,31.44,47.8
3,93173,31.44,45.7
3,45519,31.44,45.0
3,75167,31.44,52.1
3,94030,31.45,48.4
3,82856,31.45,45.0
3,00132,31.45,47.5
3,00299,31.45,47.1
3,83771,31.45,45.8
3,80136,31.46,49.3
3,11088,31.46,47.3
3,44334,31.46,47.4
3,87246,31.47,47.0
3,38474,31.47,46.0
3,64033,31.47,45.1
3,48534,31.47,50.3
3,62456,31.48,47.6
3,46655,31.48,50.7
3,91758,31.48,48.4
3,10790,31.49,51.1
3,91510,31.49,46.6
3,85391,31.49,48.2
3,90190,31.49,45.5
3,63436,31.49,44.4
3,39110,31.50,42.2
3,56316,31.50,45.9
3,81531,31.50,47.9
3,46396,31.50,43.2
3,52418,31.51,48.1
3,62812,31.51,46.8
3,74365,31.51,47.8
3,65218,31.51,48.5
3,80462,31.52,44.7
3,38792,31.52,45.1
3,17515,31.52,51.1
3,07951,31.52,43.9
3,53597,31.52,45.6
3,43753,31.53,46.9
3,76112,31.53,50.5
3,80284,31.53,45.5
3,86304,31.54,46.2
3,90140,31.54,48.1
3,43591,31.54,48.0
3,80578,31.54,48.5
3,70610,31.54,46.2
3,39748,31.54,45.3
3,39497,31.54,48.2
3,19038,31.54,46.5
3,33138,31.55,49.2
3,58220,31.55,45.2
3,94439,31.55,46.6
3,35157,31.55,49.3
3,38997,31.56,42.6
3,91812,31.56,45.3
3,70033,31.56,45.7
3,73563,31.56,44.6
3,95931,31.57,43.8
3,37699,31.57,48.0
3,81078,31.57,48.7
3,36234,31.57,46.9
3,63932,31.58,47.8
3,22276,31.58,44.4
3,81957,31.58,45.8
3,86800,31.59,48.2
3,92029,31.59,42.0
3,42757,31.59,47.4
3,63991,31.60,46.7
3,78417,31.61,45.4
3,71633,31.61,45.6
3,84840,31.61,43.6
3,33596,31.61,47.4
3,18651,31.61,44.7
3,61662,31.61,47.3
3,90859,31.61,50.8
3,41840,31.62,45.4
3,78972,31.62,49.7
3,58190,31.62,47.3
3,38130,31.63,48.1
3,62138,31.63,49.2
3,26310,31.63,47.7
3,91995,31.63,48.1
3,85260,31.64,48.3
3,37974,31.64,45.9
3,90891,31.64,47.8
3,36110,31.64,45.3
3,66893,31.65,48.1
3,51730,31.65,49.4
3,69396,31.66,44.2
3,44016,31.66,43.6
3,95834,31.66,45.1
3,45772,31.66,47.6
3,80586,31.66,44.6
3,76716,31.66,43.6
3,58378,31.66,46.4
3,11118,31.67,43.0
3,80012,31.67,51.1
3,90018,31.67,46.0
3,33316,31.68,50.1
3,22110,31.68,44.6
3,42048,31.68,44.8
3,64750,31.68,47.7
3,21733,31.69,51.5
3,70696,31.69,43.3
3,68977,31.69,45.3
3,77950,31.69,46.4
3,98019,31.69,47.3
3,35416,31.69,46.5
3,88943,31.70,44.6
3,35475,31.70,44.8
3,12661,31.70,44.4
3,62367,31.71,43.9
3,49255,31.71,48.9
3,87599,31.71,45.8
3,48836,31.72,45.8
3,75809,31.72,47.7
3,10430,31.72,46.3
3,44474,31.72,46.7
3,81272,31.72,48.9
3,70394,31.72,51.0
3,49476,31.72,45.9
3,61450,31.73,43.7
3,77470,31.73,42.3
3,76813,31.73,48.2
3,18252,31.73,49.0
3,53171,31.73,46.1
3,38598,31.73,47.0
3,75744,31.74,49.9
3,40592,31.74,44.3
3,16756,31.74,47.8
3,44679,31.75,40.7
3,36471,31.75,47.1
3,47198,31.75,47.6
3,61174,31.75,48.8
3,53210,31.75,43.9
3,63134,31.76,49.2
3,72117,31.76,41.8
3,11010,31.77,47.1
3,77038,31.77,50.5
3,74063,31.77,47.1
3,17779,31.77,47.5
3,00515,31.77,38.1
3,46779,31.77,46.7
3,35459,31.77,46.9
3,16772,31.77,43.0
3,37494,31.78,43.4
3,21237,31.78,39.5
3,77771,31.78,46.1
3,66257,31.78,44.2
3,45330,31.78,48.9
3,04278,31.78,45.3
3,77852,31.78,46.2
3,92010,31.79,45.3
3,90581,31.79,45.5
3,37478,31.79,47.7
3,21970,31.79,48.8
3,98094,31.79,46.0
3,65234,31.79,45.5
3,78859,31.80,47.0
3,58289,31.80,47.4
3,81280,31.80,44.6
3,62120,31.80,43.2
3,83631,31.81,44.2
3,91863,31.81,48.2
3,92037,31.81,47.8
3,42188,31.81,45.0
3,52698,31.82,44.7
3,85227,31.82,50.3
3,64475,31.82,43.6
3,20630,31.82,43.0
3,39276,31.82,48.3
3,10227,31.82,41.6
3,96490,31.82,45.4
3,51411,31.82,45.6
3,80357,31.82,46.8
3,79553,31.83,44.5
3,96075,31.83,49.1
3,37990,31.84,49.3
3,90450,31.84,45.9
3,35033,31.84,50.6
3,19704,31.84,38.2
3,53090,31.84,47.8
3,58459,31.84,41.6
3,95133,31.86,46.8
3,78875,31.86,45.0
3,33111,31.86,47.4
3,39969,31.87,44.4
3,74144,31.87,39.2
3,16179,31.87,46.9
3,77151,31.87,44.7
3,12262,31.87,46.7
3,61727,31.87,50.0
3,80195,31.88,45.6
3,41459,31.88,47.1
3,52892,31.88,45.7
3,75337,31.88,48.1
3,39055,31.88,49.5
3,42560,31.89,44.9
3,80381,31.90,48.3
3,41220,31.90,45.1
3,00396,31.90,48.1
3,82210,31.90,46.8
3,37559,31.91,48.0
3,83496,31.91,46.4
3,19720,31.91,43.4
3,80764,31.91,43.9
3,61565,31.91,47.4
3,22250,31.91,44.3
3,71714,31.91,51.4
3,36439,31.92,48.3
3,69850,31.92,44.3
3,61603,31.92,50.5
3,18031,31.92,48.8
3,98531,31.93,44.5
3,83232,31.93,43.9
3,44814,31.93,48.6
3,45055,31.93,47.6
3,61220,31.93,48.5
3,63711,31.93,46.2
3,75752,31.93,45.5
3,98132,31.93,48.6
3,52612,31.94,38.9
3,45098,31.94,45.8
3,33235,31.95,44.5
3,23973,31.95,43.0
3,75833,31.96,47.0
3,88862,31.96,45.9
3,83950,31.96,48.7
3,18830,31.96,41.0
3,77372,31.96,45.7
3,41823,31.96,44.5
3,12190,31.97,46.2
3,52876,31.97,44.9
3,90735,31.97,48.2
3,47830,31.97,45.0
3,43192,31.98,51.3
3,86649,31.98,50.4
3,35858,31.98,48.8
3,42030,31.99,46.5
3,95290,31.99,45.8
3,15636,31.99,46.4
3,91103,32.00,46.2
3,86045,32.00,46.1
3,42153,32.00,44.8
3,53074,32.00,47.7
3,35831,32.00,45.2
3,65277,32.00,48.7
3,39659,32.00,48.7
3,50156,32.01,47.4
3,74926,32.01,50.3
3,90379,32.01,47.5
3,53953,32.02,46.1
3,96679,32.03,44.5
3,81604,32.03,48.3
3,52370,32.03,43.8
3,47295,32.03,43.5
3,83755,32.04,43.3
3,18570,32.05,52.8
3,58475,32.05,46.1
3,71579,32.05,48.3
3,75132,32.05,49.6
3,48275,32.05,44.4
3,58386,32.06,43.0
3,17477,32.06,47.3
3,80772,32.06,45.9
3,80713,32.06,44.5
3,00752,32.06,47.8
3,41572,32.06,47.6
3,17590,32.06,45.2
3,16209,32.07,50.5
3,10316,32.07,47.7
3,62014,32.07,43.7
3,10600,32.07,46.5
3,11932,32.08,48.2
3,42226,32.08,45.2
3,76333,32.08,45.8
3,21890,32.08,49.8
3,35190,32.08,41.6
3,63975,32.08,49.4
3,38059,32.09,46.4
3,88269,32.09,41.5
3,61026,32.09,43.7
3,44792,32.09,45.9
3,51810,32.10,48.3
3,47937,32.10,45.6
3,92290,32.10,47.3
3,92533,32.10,46.8
3,41564,32.10,44.9
3,40487,32.10,45.0
3,63070,32.10,45.7
3,91294,32.11,45.3
3,43214,32.11,45.8
3,47031,32.11,49.4
3,92002,32.11,51.4
3,53511,32.12,45.6
3,53813,32.12,47.7
3,47350,32.12,43.0
3,77992,32.12,46.4
3,38393,32.12,45.3
3,78018,32.12,45.1
3,68918,32.12,48.8
3,00604,32.13,47.8
3,00744,32.13,44.3
3,24511,32.13,48.2
3,36951,32.13,45.5
3,44393,32.14,47.8
3,85456,32.14,48.5
3,51497,32.14,43.8
3,26298,32.14,45.8
3,15989,32.14,44.1
3,81671,32.15,48.2
3,47619,32.15,44.1
3,90212,32.15,50.0
3,54097,32.15,45.7
3,82066,32.15,44.5
3,80993,32.15,44.5
3,33618,32.16,49.0
3,81825,32.16,42.3
3,00310,32.16,45.4
3,92711,32.17,42.9
3,18457,32.17,44.3
3,36510,32.17,46.3
3,65757,32.17,49.1
3,14257,32.17,43.4
3,58165,32.17,49.0
3,61298,32.18,44.1
3,15210,32.18,44.0
3,40460,32.19,42.8
3,34290,32.19,45.0
3,10383,32.19,44.5
3,33910,32.19,46.3
3,17990,32.19,44.2
3,40703,32.19,47.4
3,62308,32.19,41.3
3,83895,32.19,45.4
3,52531,32.20,45.4
3,19879,32.20,53.2
3,96458,32.20,46.3
3,41718,32.20,47.6
3,10111,32.21,45.4
3,49352,32.21,45.2
3,90867,32.21,48.6
3,36358,32.22,45.4
3,45993,32.22,47.6
3,36250,32.22,44.4
3,38814,32.22,44.4
3,80616,32.22,44.4
3,40789,32.23,44.7
3,81329,32.23,40.7
3,33979,32.24,46.0
3,75400,32.24,46.0
3,81620,32.25,44.3
3,10685,32.26,45.4
3,24570,32.27,47.9
3,59013,32.28,49.6
3,93068,32.29,47.0
3,41254,32.29,47.7
3,11754,32.30,45.9
3,57932,32.30,47.1
3,12319,32.31,42.8
3,51292,32.31,48.6
3,99058,32.31,48.0
3,38733,32.32,45.5
3,12025,32.32,47.4
3,00051,32.33,45.7
3,33812,32.33,51.0
3,80845,32.33,49.3
3,41904,32.33,46.1
3,19445,32.33,50.2
3,33952,32.34,45.3
3,80349,32.35,46.6
3,38270,32.36,47.5
3,90808,32.36,43.6
3,90921,32.36,46.0
3,13897,32.36,46.6
3,63851,32.37,43.1
3,36919,32.37,48.4
3,91910,32.37,47.8
3,40509,32.38,45.3
3,77453,32.38,47.5
3,51551,32.39,45.7
3,80497,32.40,42.4
3,36056,32.40,47.1
3,95117,32.40,45.7
3,45934,32.40,44.1
3,75671,32.41,44.1
3,39594,32.41,44.3
3,93009,32.41,51.1
3,58998,32.41,43.9
3,90913,32.42,48.8
3,58009,32.42,47.0
3,50717,32.42,47.0
3,85006,32.42,48.8
3,43893,32.42,47.3
3,61778,32.43,44.0
3,83356,32.43,46.1
3,71390,32.43,44.3
3,82759,32.44,45.8
3,36790,32.44,46.8
3,45373,32.45,46.3
3,76457,32.45,44.9
3,91693,32.45,50.3
3,10057,32.45,40.3
3,14133,32.46,44.4
3,92550,32.46,44.6
3,81930,32.47,44.9
3,53198,32.47,46.4
3,80934,32.48,46.0
3,41343,32.48,45.1
3,73474,32.48,45.5
3,36617,32.48,44.0
3,93890,32.48,47.3
3,49735,32.48,45.7
3,34690,32.48,44.5
3,10952,32.48,45.9
3,67377,32.49,46.5
3,46795,32.49,46.5
3,36293,32.49,48.1
3,46019,32.50,48.7
3,36331,32.50,48.8
3,17396,32.50,42.1
3,62979,32.50,45.9
3,39390,32.50,44.2
3,33219,32.51,47.2
3,25712,32.51,48.7
3,90395,32.51,44.3
3,93670,32.51,46.9
3,48399,32.52,44.6
3,40606,32.52,41.1
3,80535,32.52,44.6
3,98892,32.52,45.3
3,16098,32.52,47.9
3,81124,32.53,47.0
3,00370,32.53,46.7
3,74527,32.53,45.0
3,39934,32.53,47.2
3,86487,32.53,43.4
3,36153,32.53,46.8
3,98752,32.54,48.3
3,13757,32.54,47.0
3,27855,32.54,45.6
3,44873,32.54,47.9
3,44431,32.55,44.4
3,74608,32.56,47.4
3,10936,32.56,44.4
3,33995,32.56,49.7
3,64777,32.56,49.2
3,63452,32.56,48.2
3,38296,32.57,48.3
3,58467,32.57,45.9
3,43451,32.57,45.5
3,10928,32.57,46.8
3,00671,32.58,44.3
3,40762,32.58,40.7
3,90077,32.58,45.9
3,36374,32.58,46.0
3,71315,32.59,50.8
3,71510,32.59,49.0
3,33650,32.59,43.6
3,91677,32.59,46.3
3,74969,32.59,46.0
3,95710,32.60,47.7
3,11894,32.60,50.3
3,92150,32.60,46.8
3,76252,32.61,49.8
3,75850,32.61,49.1
3,43559,32.61,45.9
3,40320,32.61,44.8
3,61883,32.61,44.6
3,92649,32.62,48.3
3,00647,32.62,47.0
3,76597,32.63,48.8
3,13200,32.64,41.2
3,85340,32.64,50.7
3,72737,32.64,45.6
3,39845,32.64,47.1
3,55042,32.64,49.8
3,91731,32.64,49.1
3,37117,32.65,46.3
3,91570,32.65,43.6
3,49018,32.65,45.7
3,91154,32.66,49.5
3,85588,32.66,44.7
3,37516,32.66,49.4
3,43630,32.67,46.3
3,52477,32.67,44.5
3,93653,32.67,45.1
3,90263,32.67,48.3
3,78697,32.67,47.7
3,13102,32.67,40.6
3,41122,32.68,44.6
3,90875,32.68,47.9
3,92568,32.68,49.0
3,20753,32.68,45.1
3,34550,32.68,44.3
3,81647,32.68,43.3
3,84557,32.69,47.2
3,92118,32.69,44.6
3,86681,32.69,41.9
3,10839,32.70,44.6
3,13056,32.70,46.0
3,12220,32.70,46.4
3,24112,32.70,50.8
3,73148,32.70,45.1
3,75205,32.71,48.3
3,78999,32.71,46.0
3,92185,32.71,45.2
3,77178,32.71,43.5
3,16632,32.71,46.5
3,66176,32.71,45.1
3,14214,32.71,46.8
3,75736,32.71,47.9
3,10758,32.72,42.0
3,74780,32.72,47.1
3,79251,32.72,47.8
3,41424,32.72,50.2
3,41955,32.72,45.6
3,33731,32.72,44.0
3,37095,32.72,46.2
3,16217,32.73,45.3
3,00612,32.73,46.5
3,91170,32.73,46.0
3,93394,32.73,46.8
3,94870,32.73,45.9
3,64874,32.74,46.0
3,51632,32.74,45.3
3,74748,32.74,43.3
3,80365,32.74,50.5
3,92690,32.76,49.1
3,84514,32.76,46.6
3,40894,32.77,44.7
3,00736,32.77,50.6
3,78174,32.77,50.1
3,93505,32.78,44.9
3,24775,32.78,49.8
3,65714,32.78,45.8
3,85880,32.78,46.4
3,75094,32.78,44.7
3,39519,32.79,42.5
3,88625,32.79,47.2
3,74616,32.79,48.5
3,36811,32.79,44.0
3,21431,32.79,48.0
3,39330,32.80,47.8
3,33073,32.80,47.5
3,57010,32.80,47.9
3,00094,32.81,46.1
3,39977,32.81,41.2
3,10480,32.82,39.1
3,34339,32.82,47.5
3,36854,32.82,45.3
3,35513,32.82,50.2
3,34177,32.83,52.5
3,33391,32.84,47.0
3,61085,32.84,45.3
3,73504,32.84,45.4
3,53112,32.84,48.6
3,58335,32.84,48.7
3,16110,32.84,45.9
3,36820,32.85,47.3
3,56502,32.85,48.6
3,74772,32.85,45.8
3,81159,32.86,45.7
3,11193,32.86,44.6
3,44512,32.86,48.5
3,93858,32.86,45.9
3,74020,32.86,45.5
3,78336,32.86,41.7
3,38954,32.86,46.3
3,17710,32.86,43.5
3,58360,32.87,46.3
3,70351,32.87,46.7
3,35297,32.87,43.9
3,62340,32.88,45.7
3,74055,32.88,48.3
3,18791,32.88,46.6
3,81108,32.88,45.5
3,95079,32.89,48.8
3,93815,32.89,45.7
3,34134,32.89,47.2
3,92975,32.90,46.1
3,39195,32.90,40.9
3,40266,32.90,46.2
3,13390,32.91,47.0
3,74187,32.91,47.5
3,56855,32.91,47.4
3,34770,32.91,44.9
3,86029,32.91,45.6
3,96253,32.92,45.2
3,17671,32.93,42.1
3,94773,32.93,44.9
3,82635,32.93,45.2
3,74101,32.93,43.8
3,17175,32.94,49.3
3,98990,32.94,47.2
3,10855,32.95,40.8
3,10677,32.95,46.6
3,37877,32.95,43.6
3,25810,32.95,48.9
3,92916,32.95,42.4
3,38695,32.96,42.4
3,16195,32.97,45.0
3,37230,32.97,47.3
3,15970,32.98,44.4
3,96270,32.98,43.9
3,12394,32.98,45.7
3,15016,32.98,42.9
3,34118,32.98,46.9
3,66338,32.99,44.4
3,36030,33.00,51.4
3,98671,33.00,46.1
3,14397,33.00,48.2
3,30058,33.00,46.7
3,14532,33.00,46.2
3,36536,33.01,46.4
3,41165,33.01,43.9
3,93610,33.01,46.0
3,39438,33.01,44.4
3,12548,33.01,35.3
3,77674,33.02,47.4
3,81558,33.02,49.0
3,90336,33.02,45.8
3,90506,33.02,47.8
3,00639,33.03,46.9
3,37303,33.03,44.9
3,83593,33.03,46.7
3,92886,33.03,47.0
3,69051,33.03,46.5
3,35696,33.03,47.9
3,41025,33.03,43.0
3,37672,33.04,44.6
3,91839,33.05,44.4
3,59110,33.05,45.9
3,19844,33.05,39.5
3,19402,33.06,49.1
3,52817,33.06,47.3
3,82031,33.07,43.5
3,90417,33.07,46.5
3,64297,33.07,44.8
3,55000,33.08,47.1
3,81787,33.08,44.4
3,62618,33.08,42.4
3,58327,33.08,42.4
3,61697,33.09,48.2
3,39578,33.09,48.2
3,36137,33.09,48.0
3,42382,33.10,45.3
3,67652,33.11,48.2
3,77275,33.11,46.6
3,80373,33.11,43.8
3,27049,33.11,52.5
3,37214,33.11,45.3
3,09210,33.12,45.0
3,37435,33.12,44.3
3,49395,33.12,45.1
3,20613,33.12,43.1
3,54054,33.12,48.6
3,20770,33.13,40.0
3,40142,33.13,46.8
3,70319,33.13,45.1
3,00116,33.13,43.0
3,90948,33.13,44.6
3,57096,33.14,44.5
3,90638,33.14,45.9
3,80675,33.14,46.7
3,63819,33.14,45.3
3,00531,33.14,43.2
3,39098,33.15,46.7
3,19658,33.16,44.6
3,35130,33.16,48.4
3,52035,33.16,44.6
3,96814,33.16,44.7
3,10456,33.17,45.0
3,42595,33.17,44.4
3,31151,33.17,45.4
3,20397,33.17,42.7
3,10898,33.17,51.5
3,21172,33.18,45.1
3,14753,33.18,44.3
3,11614,33.19,47.6
3,30694,33.19,42.7
3,37818,33.19,47.4
3,35939,33.20,46.8
3,21814,33.20,42.8
3,96997,33.21,44.6
3,83917,33.21,42.8
3,74950,33.22,48.9
3,13072,33.22,49.8
3,41858,33.22,46.4
3,65455,33.22,47.0
3,39071,33.23,44.7
3,77194,33.23,49.6
3,92827,33.24,43.7
3,34517,33.25,42.2
3,16160,33.25,42.5
3,74357,33.25,46.2
3,92681,33.25,43.8
3,45012,33.25,45.1
3,47376,33.25,48.8
3,90441,33.26,43.8
3,36676,33.26,48.3
3,95516,33.26,45.4
3,16144,33.27,46.7
3,38652,33.28,48.7
3,75973,33.28,44.3
3,24899,33.28,43.5
3,38636,33.28,47.3
3,91936,33.28,45.8
3,16730,33.28,43.6
3,45551,33.29,48.2
3,12513,33.29,45.9
3,10448,33.30,43.1
3,77810,33.30,47.6
3,35319,33.31,47.1
3,49050,33.31,44.7
3,23370,33.31,42.4
3,75116,33.31,45.3
3,11436,33.33,48.5
3,10774,33.33,44.5
3,44377,33.33,41.5
3,37273,33.34,45.6
3,00779,33.34,43.4
3,40177,33.34,43.8
3,41319,33.34,47.6
3,36978,33.35,46.3
3,61719,33.35,45.8
3,36650,33.35,47.5
3,76791,33.36,45.9
3,91430,33.36,44.9
3,93092,33.36,44.9
3,14710,33.37,40.8
3,74594,33.37,46.9
3,41181,33.37,46.8
3,74071,33.38,47.2
3,37133,33.38,42.1
3,96156,33.38,46.3
3,21679,33.38,42.8
3,19267,33.38,44.3
3,21954,33.39,46.3
3,62677,33.39,44.3
3,98876,33.39,47.3
3,13650,33.39,45.1
3,21199,33.39,50.3
3,35017,33.40,47.6
3,08753,33.40,47.1
3,91014,33.40,45.4
3,80861,33.40,45.0
3,49379,33.41,44.8
3,19399,33.41,44.0
3,26271,33.41,46.6
3,35238,33.41,48.5
3,81140,33.41,45.9
3,74705,33.42,48.0
3,14117,33.42,44.5
3,57134,33.42,48.4
3,41335,33.43,48.5
3,21695,33.43,43.1
3,47996,33.44,47.0
3,81450,33.44,46.4
3,67458,33.44,45.9
3,91413,33.44,46.4
3,69833,33.45,48.5
3,57150,33.45,47.7
3,58696,33.45,47.5
3,42340,33.45,50.2
3,83810,33.46,41.0
3,22390,33.46,45.3
3,38210,33.46,47.4
3,42366,33.46,47.3
3,89826,33.47,49.6
3,47538,33.47,51.5
4,58890,33.48,43.1
4,90662,33.48,44.3
4,19631,33.48,51.2
4,33677,33.48,44.3
4,96954,33.48,45.7
4,90085,33.48,43.0
4,34673,33.48,48.3
4,22314,33.48,47.4
4,12386,33.48,42.4
4,76210,33.48,45.1
4,74551,33.49,45.3
4,44610,33.49,49.2
4,17094,33.49,43.3
4,16152,33.49,45.9
4,42323,33.49,46.2
4,58300,33.50,44.4
4,89788,33.50,43.0
4,74039,33.50,47.7
4,10502,33.51,42.8
4,56553,33.51,46.4
4,10944,33.51,40.8
4,40363,33.52,45.1
4,15938,33.52,40.4
4,74080,33.53,46.0
4,73156,33.53,46.5
4,78077,33.53,44.8
4,92959,33.53,48.9
4,95095,33.54,44.9
4,16497,33.54,44.1
4,92274,33.54,48.3
4,82392,33.54,50.3
4,10642,33.54,40.2
4,11819,33.54,38.0
4,51772,33.55,47.7
4,38237,33.55,42.6
4,98973,33.56,47.4
4,42013,33.56,46.0
4,13137,33.56,42.6
4,10219,33.56,43.5
4,63614,33.56,47.1
4,94595,33.56,49.2
4,19810,33.56,48.1
4,75000,33.56,40.8
4,11274,33.57,42.0
4,17795,33.57,43.3
4,94633,33.57,41.8
4,13714,33.57,44.2
4,53414,33.58,48.3
4,44997,33.58,46.4
4,81507,33.58,45.5
4,33790,33.58,48.3
4,13838,33.59,47.7
4,65250,33.59,47.4
4,92479,33.59,46.4
4,99015,33.60,47.5
4,00078,33.60,44.0
4,79014,33.60,47.3
4,98035,33.60,48.8
4,40800,33.60,45.0
4,44571,33.61,52.0
4,39837,33.61,41.9
4,10413,33.61,44.1
4,34894,33.61,48.3
4,81590,33.61,49.9
4,35637,33.62,49.2
4,36706,33.62,46.2
4,37621,33.62,35.7
4,24279,33.62,47.6
4,38873,33.62,43.5
4,93475,33.62,41.2
4,66010,33.62,46.1
4,79235,33.63,45.7
4,16950,33.64,47.0
4,10464,33.64,50.6
4,23795,33.65,45.3
4,17370,33.65,51.2
4,10278,33.66,45.8
4,10901,33.66,44.6
4,42501,33.66,43.8
4,89850,33.67,47.3
4,11339,33.67,47.3
4,23116,33.67,45.1
4,98175,33.67,49.9
4,58424,33.68,44.8
4,26131,33.68,47.0
4,18872,33.68,47.1
4,20036,33.68,40.2
4,56049,33.68,47.1
4,93351,33.68,41.6
4,51934,33.68,45.2
4,42242,33.68,46.1
4,96652,33.68,48.1
4,34037,33.69,45.9
4,39535,33.69,45.5
4,40967,33.69,47.3
4,11037,33.69,42.7
4,35270,33.70,49.3
4,18210,33.70,45.8
4,38830,33.70,45.0
4,30872,33.70,47.9
4,38679,33.70,44.6
4,80250,33.70,44.1
4,04537,33.70,46.1
4,40533,33.71,47.1
4,73130,33.71,46.8
4,83976,33.71,46.2
4,71250,33.71,46.4
4,47392,33.72,46.6
4,98337,33.72,44.3
4,33855,33.72,44.4
4,34010,33.72,44.3
4,75329,33.72,49.0
4,58491,33.73,44.6
4,47473,33.73,48.2
4,12726,33.73,48.1
4,35912,33.73,43.9
4,94579,33.74,50.9
4,19224,33.74,45.1
4,62316,33.74,46.0
4,92347,33.75,45.2
4,00159,33.75,45.7
4,10014,33.75,44.6
4,12289,33.76,40.0
4,51233,33.76,47.1
4,74152,33.76,47.6
4,46035,33.77,50.3
4,86428,33.77,48.6
4,15679,33.77,48.6
4,10090,33.77,41.9
4,14095,33.78,43.7
4,70475,33.78,46.1
4,14192,33.78,44.8
4,17876,33.79,47.0
4,14818,33.80,48.5
4,15610,33.80,46.4
4,74225,33.80,45.9
4,35351,33.80,45.2
4,62693,33.81,47.3
4,81060,33.81,47.1
4,12556,33.81,41.5
4,34029,33.81,45.3
4,05738,33.82,44.3
4,96938,33.82,43.9
4,93718,33.82,47.8
4,23817,33.83,48.1
4,11177,33.83,42.8
4,73334,33.83,44.5
4,12432,33.84,40.7
4,75221,33.85,46.5
4,93254,33.85,45.6
4,69639,33.86,45.7
4,77690,33.86,47.7
4,37354,33.86,45.3
4,13331,33.86,45.0
4,51110,33.86,46.8
4,33715,33.86,48.3
4,81167,33.86,41.6
4,20338,33.87,49.4
4,38911,33.87,44.0
4,35378,33.87,45.3
4,52914,33.87,46.4
4,26050,33.88,48.3
4,35815,33.89,49.1
4,21270,33.89,49.4
4,12017,33.89,47.2
4,49956,33.89,45.6
4,92592,33.89,44.4
4,23019,33.90,50.5
4,89834,33.90,45.2
4,40223,33.91,46.1
4,92053,33.91,45.7
4,93602,33.92,49.3
4,11673,33.92,44.3
4,00582,33.92,45.0
4,42579,33.92,49.6
4,95192,33.92,48.7
4,07145,33.92,48.3
4,33251,33.93,48.2
4,10138,33.93,52.1
4,10081,33.93,46.5
4,16470,33.93,45.4
4,58106,33.94,46.2
4,81221,33.94,43.4
4,12050,33.95,40.7
4,42285,33.95,41.7
4,21075,33.96,39.6
4,75426,33.96,45.8
4,91073,33.96,46.8
4,92452,33.96,44.0
4,34479,33.96,43.2
4,35254,33.97,46.7
4,92142,33.98,40.1
4,71854,33.98,45.9
4,15652,33.98,45.4
4,45110,33.99,43.2
4,90301,33.99,45.4
4,13358,33.99,48.8
4,18090,34.00,44.5
4,12483,34.00,44.5
4,42480,34.00,44.4
4,79138,34.00,48.0
4,39373,34.01,46.8
4,98850,34.01,46.9
4,93289,34.01,43.8
4,10561,34.01,44.2
4,41629,34.01,44.5
4,40304,34.01,45.6
4,56359,34.01,46.2
4,14877,34.01,49.5
4,19755,34.01,46.6
4,23493,34.01,43.7
4,50032,34.01,47.8
4,14893,34.01,49.7
4,10510,34.04,43.3
4,14516,34.04,47.0
4,50911,34.05,45.6
4,38857,34.05,45.6
4,40541,34.05,44.7
4,61840,34.05,47.3
4,81523,34.05,47.8
4,33510,34.06,47.5
4,25739,34.07,47.9
4,62111,34.07,44.4
4,40207,34.07,46.3
4,58394,34.08,47.1
4,00787,34.08,44.6
4,90271,34.08,47.4
4,33839,34.08,42.2
4,56146,34.09,45.1
4,13218,34.09,50.2
4,42064,34.09,44.4
4,39853,34.09,49.3
4,08613,34.09,44.0
4,33260,34.09,46.8
4,90328,34.10,43.3
4,93750,34.11,47.4
4,93203,34.11,46.2
4,18554,34.11,43.6
4,25453,34.11,43.8
4,21776,34.11,47.6
4,16535,34.11,45.9
4,33278,34.11,44.5
4,91782,34.12,48.5
4,15555,34.12,42.7
4,80888,34.13,43.8
4,16136,34.13,46.1
4,41548,34.13,44.4
4,82090,34.13,45.9
4,39896,34.14,45.0
4,75620,34.14,48.5
4,17299,34.14,44.5
4,18732,34.14,44.3
4,90697,34.14,44.8
4,47457,34.14,42.1
4,69558,34.15,41.9
4,69370,34.15,48.5
4,24872,34.16,47.2
4,38199,34.16,46.2
4,25399,34.16,38.1
4,41726,34.17,49.4
4,10553,34.17,43.1
4,75663,34.17,49.0
4,53937,34.17,47.8
4,41874,34.18,44.3
4,37192,34.18,43.5
4,37338,34.18,43.7
4,19526,34.19,41.8
4,86568,34.20,41.4
4,35572,34.20,46.8
4,52159,34.21,42.9
4,45950,34.21,45.4
4,39624,34.21,49.4
4,85081,34.21,45.0
4,34991,34.21,45.3
4,42307,34.21,43.3
4,17337,34.22,47.6
4,69612,34.22,45.7
4,20311,34.22,46.1
4,33405,34.22,40.0
4,39292,34.22,44.1
4,47015,34.22,47.2
4,36455,34.22,43.4
4,20958,34.23,50.5
4,17930,34.23,42.9
4,37591,34.23,46.9
4,91111,34.23,47.5
4,83054,34.23,44.4
4,37656,34.23,47.8
4,12173,34.24,49.2
4,12378,34.24,40.5
4,16454,34.25,49.1
4,80969,34.25,49.8
4,10472,34.26,46.7
4,13420,34.26,43.7
4,25410,34.26,50.3
4,21857,34.27,43.4
4,13293,34.28,48.7
4,34274,34.28,46.5
4,15814,34.28,43.5
4,19453,34.28,39.8
4,61468,34.29,42.4
4,82171,34.29,45.2
4,07714,34.29,47.6
4,19429,34.29,44.5
4,21016,34.29,44.5
4,64017,34.30,45.8
4,38512,34.31,43.2
4,54259,34.31,46.8
4,89389,34.31,49.8
4,37010,34.31,41.5
4,16853,34.32,38.3
4,10545,34.32,41.6
4,81701,34.32,41.6
4,17973,34.32,44.9
4,73237,34.32,42.7
4,90344,34.33,44.9
4,39993,34.33,41.2
4,40738,34.33,44.9
4,53350,34.33,44.8
4,81205,34.34,47.2
4,11592,34.34,50.1
4,51594,34.34,45.2
4,80900,34.35,42.8
4,81540,34.35,45.6
4,37419,34.36,44.4
4,91090,34.36,43.3
4,93831,34.37,46.5
4,33758,34.37,46.7
4,12157,34.37,49.0
4,13340,34.37,44.9
4,64157,34.38,46.4
4,17019,34.38,43.3
4,43079,34.38,49.5
4,38571,34.38,46.6
4,95354,34.39,42.9
4,33294,34.39,47.8
4,39942,34.39,44.4
4,88323,34.39,49.3
4,87726,34.40,42.8
4,62855,34.40,46.2
4,14354,34.41,48.7
4,13439,34.42,46.7
4,24198,34.42,46.1
4,90620,34.42,47.5
4,32131,34.43,43.3
4,90409,34.43,50.5
4,19593,34.43,42.1
4,34452,34.44,47.2
4,23779,34.44,47.3
4,24155,34.44,44.3
4,92908,34.45,44.1
4,40428,34.45,40.9
4,98051,34.45,45.2
4,40983,34.45,43.8
4,09156,34.46,42.8
4,73016,34.46,46.0
4,45918,34.47,40.8
4,11290,34.47,43.7
4,49794,34.47,47.9
4,42269,34.47,45.6
4,10294,34.47,44.5
4,22330,34.47,50.1
4,92126,34.47,40.3
4,78115,34.48,45.5
4,73083,34.48,42.6
4,40274,34.48,46.6
4,81000,34.49,45.0
4,41483,34.49,46.7
4,39217,34.49,44.1
4,10120,34.49,47.0
4,17736,34.49,42.4
4,23230,34.49,50.1
4,39810,34.50,48.1
4,19577,34.50,53.7
4,10006,34.50,49.9
4,39640,34.50,47.3
4,36579,34.51,45.0
4,74640,34.51,44.5
4,33693,34.51,47.5
4,28258,34.52,45.6
4,74268,34.52,49.3
4,33430,34.53,47.3
4,25097,34.53,43.7
4,35092,34.53,44.5
4,93220,34.54,48.6
4,73377,34.54,41.6
4,91979,34.54,46.0
4,92967,34.54,44.4
4,76031,34.55,47.2
4,61140,34.56,41.0
4,16837,34.56,42.5
4,41068,34.56,45.8
4,37079,34.56,45.4
4,16039,34.57,45.4
4,92363,34.58,45.3
4,66532,34.58,48.0
4,10162,34.58,43.5
4,04995,34.58,42.7
4,04685,34.58,46.2
4,93262,34.59,44.3
4,14052,34.59,42.4
4,10286,34.60,40.6
4,80608,34.60,43.1
4,80128,34.60,48.5
4,21539,34.61,48.9
4,19852,34.61,48.5
4,21296,34.61,45.1
4,52213,34.61,45.7
4,42412,34.61,43.7
4,30678,34.61,42.2
4,91880,34.61,44.3
4,30830,34.62,46.8
4,14672,34.63,44.5
4,34371,34.63,46.5
4,11533,34.63,48.4
4,92800,34.63,52.3
4,10308,34.63,47.7
4,24236,34.64,47.9
4,94617,34.64,45.4
4,17450,34.64,42.6
4,48011,34.64,43.4
4,40568,34.65,45.8
4,61344,34.65,44.8
4,62405,34.65,45.9
4,20494,34.66,47.0
4,23264,34.66,43.8
4,36277,34.66,47.0
4,05690,34.67,47.7
4,39730,34.67,52.3
4,95613,34.67,43.9
4,75140,34.68,46.1
4,38172,34.68,47.5
4,16276,34.68,42.9
4,23574,34.69,46.1
4,24414,34.69,42.6
4,30759,34.69,42.7
4,24996,34.69,47.3
4,86789,34.69,46.2
4,41386,34.70,43.0
4,12521,34.70,45.6
4,98817,34.71,47.1
4,00035,34.72,45.5
4,33154,34.74,44.7
4,38415,34.74,47.0
4,52710,34.75,45.3
4,93360,34.75,48.7
4,25259,34.76,45.9
4,30856,34.76,43.6
4,32190,34.76,42.7
4,20419,34.77,45.7
4,35955,34.77,47.8
4,11398,34.77,47.6
4,44199,34.77,46.2
4,19380,34.78,48.0
4,38016,34.78,46.7
4,20133,34.79,42.6
4,92134,34.79,43.3
4,19895,34.79,44.7
4,24350,34.79,49.3
4,15377,34.80,48.6
4,94676,34.80,45.7
4,07374,34.81,46.1
4,73555,34.81,45.5
4,18139,34.81,47.3
4,36714,34.81,45.1
4,33197,34.81,46.6
4,30716,34.83,47.4
4,00680,34.84,42.0
4,19372,34.84,44.1
4,38075,34.85,45.7
4,41696,34.85,43.2
4,38032,34.85,46.4
4,91804,34.86,45.7
4,35874,34.86,45.0
4,19712,34.87,42.8
4,50130,34.87,45.5
4,75990,34.88,46.6
4,23736,34.88,45.8
4,11150,34.88,49.6
4,21636,34.89,45.7
4,39926,34.90,45.1
4,16551,34.90,39.9
4,78778,34.90,47.0
4,94838,34.91,46.6
4,25011,34.92,42.8
4,37290,34.92,44.7
4,13366,34.92,48.1
4,66478,34.93,46.7
4,37834,34.95,44.8
4,25356,34.95,46.4
4,74322,34.95,44.6
4,81388,34.95,43.0
4,09199,34.96,41.9
4,14494,34.96,46.7
4,09075,34.96,45.6
4,75019,34.96,47.7
4,19330,34.96,49.7
4,71293,34.97,46.6
4,17850,34.97,41.0
4,07137,34.98,46.1
4,20273,34.98,45.8
4,41203,34.99,45.6
4,12149,34.99,46.8
4,34630,34.99,44.8
4,20710,35.00,42.0
4,96431,35.01,44.2
4,22039,35.01,44.1
4,86762,35.01,46.6
4,17418,35.02,46.3
4,23000,35.02,52.0
4,33529,35.02,47.4
4,90905,35.03,45.5
4,86860,35.03,41.2
4,39136,35.03,49.2
4,98736,35.04,44.0
4,19534,35.04,49.1
4,42455,35.05,44.1
4,39950,35.05,47.2
4,31410,35.05,44.7
4,14451,35.06,46.5
4,80942,35.06,44.2
4,21911,35.07,43.2
4,62103,35.07,51.1
4,19437,35.07,48.4
4,82554,35.07,42.8
4,15750,35.08,47.0
4,91316,35.09,46.7
4,92630,35.09,44.0
4,77330,35.10,46.4
4,25771,35.10,49.9
4,34851,35.10,44.3
4,33359,35.11,46.5
4,25895,35.11,44.3
4,14419,35.11,45.2
4,47856,35.12,43.9
4,24619,35.12,44.5
4,08532,35.12,42.4
4,35076,35.13,47.9
4,37532,35.13,42.9
4,58122,35.13,44.5
4,80624,35.15,44.3
4,40193,35.15,46.2
4,46418,35.16,46.2
4,37311,35.16,46.9
4,24015,35.17,47.4
4,21938,35.17,51.3
4,75248,35.17,44.3
4,24090,35.17,44.9
4,22233,35.18,42.6
4,91820,35.19,47.2
4,66095,35.19,45.3
4,95478,35.19,44.2
4,14370,35.19,44.7
4,05118,35.20,46.2
4,15458,35.20,43.4
4,77615,35.21,46.4
4,98710,35.21,55.4
4,75345,35.21,44.5
4,64270,35.21,47.0
4,39675,35.21,41.8
4,27154,35.21,47.1
4,90166,35.21,46.1
4,90603,35.22,45.9
4,27979,35.22,46.1
4,92240,35.22,43.6
4,13617,35.23,47.1
4,94455,35.23,46.6
4,41289,35.24,45.3
4,62448,35.24,42.8
4,23612,35.24,45.9
4,96830,35.25,45.9
4,45233,35.25,44.5
4,19151,35.25,46.6
4,82619,35.25,42.2
4,19178,35.25,48.6
4,16675,35.26,42.3
4,39900,35.26,45.7
4,34916,35.26,48.6
4,16225,35.26,43.5
4,41521,35.27,44.8
4,23434,35.27,43.1
4,96113,35.27,44.8
4,43494,35.27,43.5
4,20974,35.27,43.4
4,38253,35.28,45.4
4,35556,35.28,42.6
4,20575,35.29,43.7
4,19674,35.30,45.7
4,93211,35.30,48.4
4,65633,35.30,49.9
4,35670,35.30,45.9
4,25178,35.31,46.9
4,18376,35.31,48.0
4,70912,35.31,43.3
4,56189,35.31,45.6
4,24333,35.31,44.5
4,38091,35.31,45.3
4,16977,35.32,45.3
4,15539,35.32,43.8
4,07820,35.32,47.6
4,46450,35.33,45.3
4,58084,35.33,46.7
4,11053,35.34,43.7
4,18490,35.34,46.7
4,38342,35.34,40.6
4,19941,35.34,50.1
4,45314,35.35,43.4
4,14737,35.35,48.6
4,53252,35.36,47.4
4,37397,35.36,44.3
4,33782,35.36,42.8
4,92371,35.37,46.2
4,21598,35.37,49.3
4,61360,35.37,45.5
4,15113,35.38,48.0
4,15075,35.39,47.1
4,22071,35.39,44.0
4,19976,35.40,47.1
4,53295,35.40,42.7
4,90115,35.40,46.0
4,27197,35.41,45.1
4,19739,35.41,46.7
4,23159,35.42,45.3
4,36935,35.42,43.8
4,37630,35.42,46.6
4,40584,35.42,44.7
4,95370,35.43,44.3
4,24732,35.43,42.7
4,75469,35.43,48.2
4,12335,35.44,36.8
4,18112,35.44,47.9
4,16411,35.44,44.8
4,93408,35.44,44.2
4,12602,35.45,45.8
4,20834,35.45,40.1
4,10707,35.46,42.1
4,23132,35.46,44.1
4,21750,35.47,45.6
4,10979,35.47,42.9
4,46310,35.48,44.4
4,84530,35.48,44.8
4,40029,35.48,45.6
4,73458,35.49,48.3
4,41408,35.49,43.5
4,22373,35.49,48.1
4,32310,35.50,44.4
4,45357,35.50,43.3
4,28339,35.50,46.4
4,23418,35.50,50.4
4,22217,35.51,46.2
4,39870,35.51,44.0
4,40240,35.51,45.7
4,37613,35.51,46.7
4,24031,35.51,46.3
4,36072,35.52,44.7
4,98930,35.52,45.6
4,91049,35.52,46.8
4,62146,35.52,47.4
4,15393,35.53,40.2
4,51578,35.53,48.2
4,35491,35.53,45.0
4,81485,35.53,43.4
4,34614,35.53,47.7
4,00809,35.53,45.8
4,98116,35.53,45.3
4,21474,35.54,43.1
4,10529,35.54,42.4
4,16250,35.56,46.6
4,12700,35.56,47.0
4,73407,35.56,44.0
4,75027,35.56,47.9
4,96571,35.56,47.4
4,36170,35.56,43.3
4,90778,35.57,44.9
4,94811,35.57,48.4
4,19216,35.57,44.2
4,08656,35.58,43.1
4,23990,35.58,43.7
4,93556,35.58,44.6
4,40118,35.58,44.9
4,18970,35.58,51.4
4,19780,35.58,45.0
4,22179,35.59,45.5
4,10189,35.59,43.1
4,43613,35.59,44.4
4,32034,35.59,45.2
4,48992,35.59,45.9
4,10073,35.60,45.9
4,73300,35.60,42.5
4,24694,35.61,44.2
4,09172,35.61,46.9
4,42544,35.61,46.5
4,30775,35.61,46.0
4,33570,35.61,44.6
4,46493,35.62,46.9
4,13064,35.62,40.1
4,36870,35.63,44.3
4,38458,35.63,46.6
4,07803,35.64,43.3
4,39772,35.64,45.7
4,37931,35.64,44.7
4,90530,35.65,45.7
4,31879,35.65,48.4
4,16918,35.65,48.3
4,54178,35.66,48.5
4,12467,35.66,43.7
4,10197,35.66,48.6
4,74985,35.67,43.3
4,36412,35.67,45.3
4,13269,35.68,41.5
4,13536,35.68,46.0
4,00795,35.68,46.1
4,19496,35.69,47.7
4,10910,35.70,46.0
4,49034,35.70,45.3
4,94692,35.70,44.1
4,92738,35.70,42.2
4,19410,35.71,47.4
4,34754,35.71,45.3
4,31615,35.71,40.1
4,25550,35.72,41.1
4,14990,35.72,40.0
4,34932,35.72,44.7
4,23892,35.73,44.7
4,81973,35.73,43.9
4,34070,35.73,42.0
4,41106,35.73,46.9
4,19356,35.74,44.9
4,98698,35.74,44.5
4,16233,35.74,49.3
4,17353,35.74,42.8
4,35777,35.75,48.9
4,77658,35.75,44.8
4,18473,35.75,43.5
4,26212,35.75,45.2
4,75183,35.75,44.1
4,20117,35.76,46.4
4,75388,35.76,43.8
4,24074,35.77,50.1
4,40045,35.77,42.6
4,32492,35.77,42.1
4,16292,35.77,44.5
4,20931,35.78,48.1
4,90557,35.78,44.0
4,10243,35.78,40.8
4,38865,35.79,46.0
4,18899,35.79,40.8
4,41963,35.79,44.3
4,15334,35.79,48.9
4,40169,35.80,49.9
4,90220,35.82,44.2
4,13447,35.82,40.4
4,21717,35.83,41.9
4,44130,35.84,45.3
4,92720,35.84,42.5
4,14150,35.84,46.1
4,19690,35.85,45.5
4,19232,35.85,44.0
4,90689,35.86,45.7
4,00477,35.86,45.1
4,90468,35.87,47.2
4,21458,35.87,45.8
4,11576,35.88,51.7
4,12246,35.88,44.1
4,30910,35.88,47.2
4,22055,35.89,46.8
4,20699,35.90,44.5
4,07595,35.90,47.6
4,24937,35.91,42.1
4,13471,35.92,47.9
4,12068,35.92,44.1
4,10812,35.92,48.2
4,21156,35.93,44.8
4,38113,35.94,46.5
4,75060,35.94,43.7
4,74543,35.94,43.6
4,23272,35.94,47.8
4,95532,35.94,40.6
4,95974,35.95,44.1
4,19313,35.95,42.5
4,31810,35.95,44.7
4,23752,35.95,51.1
4,96792,35.95,46.9
4,58041,35.95,46.2
4,30899,35.95,45.8
4,39179,35.95,47.7
4,00493,35.96,45.7
4,36633,35.96,47.5
4,39250,35.96,46.1
4,15172,35.96,50.0
4,73164,35.96,47.2
4,42277,35.96,45.8
4,27952,35.97,45.2
4,07196,35.97,46.1
4,34231,35.98,48.2
4,91057,35.98,43.4
4,16659,35.98,45.4
4,36838,35.99,47.8
4,41700,35.99,45.4
4,52590,35.99,44.4
4,14435,35.99,46.7
4,21415,35.99,44.0
4,15059,35.99,46.9
4,31313,36.00,44.7
4,00434,36.00,47.5
4,13854,36.00,46.4
4,94099,36.02,44.8
4,92304,36.02,44.9
4,92487,36.02,46.2
4,31119,36.03,50.9
4,21571,36.03,45.2
4,65510,36.03,43.7
4,12734,36.04,46.1
4,39551,36.04,45.4
4,05991,36.04,46.0
4,92401,36.05,46.4
4,20290,36.05,39.8
4,13315,36.06,47.1
4,21032,36.07,40.8
4,13773,36.07,46.9
4,25437,36.08,45.7
4,36080,36.08,41.5
4,13870,36.08,42.8
4,13692,36.08,44.2
4,20214,36.09,44.9
4,15920,36.09,42.0
4,73601,36.09,43.8
4,73326,36.10,48.7
4,10154,36.10,46.4
4,95591,36.10,44.5
4,12564,36.10,46.6
4,00418,36.10,46.3
4,73008,36.11,46.4
4,10782,36.11,43.7
4,19461,36.11,36.8
4,27618,36.11,46.8
4,75442,36.11,45.1
4,16357,36.12,43.4
4,93025,36.13,44.1
4,19488,36.13,43.7
4,93939,36.13,45.5
4,36994,36.13,43.3
4,49239,36.13,45.2
4,22195,36.13,49.1
4,23086,36.13,47.7
4,73253,36.14,38.5
4,90034,36.14,42.6
4,91006,36.14,45.5
4,19054,36.14,49.1
4,90840,36.15,43.9
4,31771,36.16,44.9
4,40100,36.16,44.3
4,33634,36.17,48.6
4,12297,36.17,43.5
4,10634,36.17,44.4
4,15156,36.18,47.1
4,75361,36.18,45.7
4,31275,36.18,48.3
4,37583,36.18,44.4
4,36099,36.19,45.7
4,15237,36.19,46.6
4,38334,36.20,45.1
4,33774,36.20,46.9
4,33057,36.20,43.6
4,14559,36.21,45.6
4,20672,36.21,43.4
4,24210,36.21,42.8
4,18171,36.21,40.7
4,30732,36.22,47.0
4,15881,36.22,46.7
4,34878,36.23,43.0
4,25917,36.24,47.3
4,10731,36.26,50.1
4,36765,36.27,46.6
4,40843,36.27,40.4
4,00019,36.29,46.7
4,92940,36.29,41.9
4,31658,36.30,44.3
4,74799,36.30,42.3
4,93580,36.30,43.9
4,81914,36.31,47.8
4,04871,36.31,47.0
4,00701,36.31,41.6
4,11878,36.31,40.7
4,13234,36.31,42.6
4,23175,36.31,45.8
4,13285,36.32,42.7
4,14974,36.33,42.0
4,08192,36.33,43.0
4,33472,36.34,46.2
4,41300,36.34,40.8
4,04430,36.35,46.3
4,08451,36.35,45.2
4,21210,36.35,45.1
4,19070,36.36,44.6
4,74900,36.37,45.7
4,11410,36.37,50.0
4,41246,36.38,45.6
4,27057,36.38,46.7
4,13994,36.38,46.2
4,08478,36.39,43.3
4,22292,36.41,39.5
4,61409,36.41,39.2
4,72150,36.42,45.8
4,51535,36.42,44.4
4,37796,36.43,45.4
4,12424,36.43,42.6
4,39489,36.43,41.8
4,09270,36.43,45.5
4,19240,36.44,44.5
4,12300,36.44,42.7
4,92088,36.45,46.4
4,36773,36.45,45.8
4,40940,36.45,47.8
4,37176,36.45,48.4
4,33065,36.46,48.1
4,96296,36.46,45.1
4,23140,36.46,47.5
4,19518,36.46,44.2
4,23043,36.47,45.1
4,07897,36.47,41.7
4,27553,36.48,48.0
4,11991,36.48,48.0
4,19585,36.48,41.2
4,11096,36.49,45.0
4,23353,36.49,45.5
4,23531,36.49,45.8
4,41041,36.49,41.7
4,07200,36.49,46.9
4,12599,36.49,46.7
4,36382,36.49,43.0
4,33375,36.50,41.7
4,25275,36.50,47.0
4,38539,36.50,44.1
4,13676,36.52,47.2
4,17213,36.52,45.1
4,37770,36.53,47.9
4,38555,36.53,44.4
4,39985,36.53,46.1
4,31038,36.54,43.4
4,34576,36.54,45.1
4,12114,36.54,45.4
4,18236,36.54,44.3
4,10723,36.54,43.4
4,12718,36.54,46.2
4,32336,36.54,45.0
4,34096,36.55,45.8
4,95214,36.55,44.2
4,35653,36.56,48.2
4,10235,36.56,50.5
4,39691,36.56,44.7
4,73261,36.56,41.6
4,17655,36.56,44.4
4,10200,36.56,48.5
4,13170,36.57,44.7
4,08109,36.57,47.2
4,90646,36.58,46.4
4,30996,36.59,48.5
4,26255,36.59,46.9
4,19194,36.59,48.0
4,50890,36.59,42.8
4,34533,36.59,45.4
4,13307,36.59,46.4
4,32093,36.60,44.9
4,16128,36.60,45.4
4,41807,36.60,44.1
4,04758,36.61,43.6
4,12653,36.61,45.5
4,24171,36.61,45.7
4,16187,36.62,41.2
4,23078,36.62,42.4
4,18635,36.63,43.6
4,38610,36.63,46.1
4,39918,36.63,48.2
4,41505,36.63,44.4
4,92797,36.63,45.4
4,23221,36.63,41.9
4,17078,36.64,44.2
4,12416,36.64,46.7
4,26093,36.64,45.5
4,80926,36.64,43.0
4,10030,36.64,44.5
4,40126,36.65,43.0
4,33499,36.65,43.4
4,61948,36.65,45.3
4,07870,36.65,41.7
4,00213,36.66,46.9
4,14079,36.66,43.0
4,13153,36.66,41.4
4,17272,36.67,41.6
4,54313,36.68,42.4
4,20990,36.68,44.8
4,07773,36.68,46.5
4,38970,36.69,46.5
4,25038,36.69,41.0
4,12351,36.70,40.1
4,16578,36.70,42.5
4,15350,36.70,48.3
4,92924,36.70,49.0
4,33456,36.71,45.1
4,38750,36.71,49.0
4,39713,36.71,51.0
4,23710,36.72,48.4
4,09512,36.73,46.6
4,08290,36.73,44.4
4,13498,36.73,51.3
4,25852,36.73,46.7
4,74586,36.74,44.0
4,08010,36.74,45.6
4,32239,36.75,46.9
4,92410,36.75,44.8
4,31712,36.75,49.3
4,90980,36.76,41.9
4,25976,36.76,45.8
4,15474,36.76,43.9
4,20230,36.76,43.8
4,17051,36.76,42.6
4,21113,36.77,44.5
4,34410,36.77,43.3
4,33332,36.78,46.7
4,13501,36.78,44.9
4,08516,36.79,42.7
4,37753,36.79,48.5
4,31690,36.80,44.2
4,26239,36.80,51.0
4,27030,36.80,42.0
4,31798,36.81,41.6
4,07919,36.81,51.5
4,10260,36.81,47.9
4,13048,36.81,48.4
4,19950,36.81,43.1
4,16055,36.81,46.6
4,35173,36.81,46.4
4,37710,36.81,44.9
4,18775,36.81,42.1
4,36013,36.82,47.5
4,31356,36.83,45.2
4,25879,36.83,51.8
4,20176,36.83,49.4
4,25194,36.84,45.3
4,14176,36.84,47.1
4,42080,36.85,45.5
4,15032,36.86,47.7
4,28819,36.86,44.4
4,39233,36.87,43.7
4,40886,36.87,44.9
4,12211,36.87,46.2
4,15857,36.88,48.2
4,20010,36.88,43.3
4,58149,36.88,44.2
4,28770,36.88,42.2
4,24716,36.88,49.7
4,31070,36.89,43.6
4,10022,36.89,39.0
4,40380,36.89,44.3
4,10847,36.89,43.5
4,05630,36.90,44.1
4,30660,36.90,41.4
4,24759,36.91,45.4
4,20818,36.92,43.2
4,20478,36.92,45.5
4,35700,36.92,45.6
4,25054,36.92,46.2
4,07005,36.92,47.8
4,96598,36.92,46.7
4,26018,36.93,47.4
4,36692,36.93,46.4
4,34215,36.93,44.4
4,20370,36.94,45.6
4,14010,36.94,44.2
4,78212,36.94,43.9
4,21490,36.95,44.9
4,25992,36.95,43.1
4,93416,36.95,43.6
4,27235,36.95,48.7
4,34053,36.96,43.4
4,13455,36.96,45.0
4,11630,36.96,41.7
4,13013,36.97,44.6
4,30970,36.97,46.1
4,25690,36.97,44.4
4,28053,36.98,45.8
4,08699,36.98,45.9
4,73075,36.99,43.4
4,37893,37.00,42.1
4,11215,37.00,46.4
4,42005,37.00,42.7
4,13196,37.00,47.9
4,27111,37.01,45.6
4,61263,37.01,46.9
4,22136,37.01,47.1
4,21512,37.01,48.2
4,90107,37.01,44.0
4,91030,37.01,45.0
4,21253,37.01,45.3
4,04383,37.02,45.6
4,32476,37.02,49.4
4,94536,37.02,44.1
4,07730,37.03,44.9
4,15270,37.03,43.9
4,90280,37.04,47.3
4,18910,37.04,40.5
4,39047,37.04,44.6
4,21091,37.04,47.8
4,19569,37.05,45.4
4,08362,37.06,39.6
4,04081,37.06,45.9
4,53996,37.06,48.1
4,27472,37.07,50.5
5,08257,37.07,44.5
5,21059,37.07,43.8
5,95958,37.07,45.7
5,07030,37.08,45.0
5,09130,37.08,44.8
5,73210,37.09,45.8
5,35750,37.09,45.7
5,10626,37.09,43.5
5,21377,37.10,47.6
5,37680,37.10,45.9
5,34193,37.10,45.7
5,10650,37.10,44.7
5,07722,37.11,43.0
5,25658,37.12,42.2
5,34150,37.12,45.4
5,22357,37.13,46.4
5,92703,37.13,44.6
5,20079,37.13,51.2
5,23027,37.13,48.2
5,10332,37.13,42.1
5,12203,37.14,44.6
5,07536,37.14,43.3
5,25232,37.14,38.8
5,23337,37.15,45.4
5,38067,37.15,46.9
5,05410,37.16,45.7
5,26034,37.16,48.8
5,15318,37.16,47.1
5,55026,37.16,47.6
5,32352,37.16,44.8
5,73040,37.17,43.6
5,18198,37.17,46.5
5,15296,37.18,49.1
5,31194,37.18,45.9
5,31291,37.19,45.2
5,33413,37.19,43.9
5,11495,37.19,42.5
5,15253,37.20,42.9
5,20893,37.20,46.5
5,10570,37.21,45.1
5,07404,37.22,40.7
5,19208,37.23,42.6
5,08796,37.23,45.5
5,04472,37.23,47.2
5,87165,37.23,40.8
5,04243,37.23,45.0
5,12343,37.24,48.9
5,28371,37.24,46.7
5,38318,37.24,44.9
5,09393,37.24,46.2
5,23450,37.25,46.6
5,25577,37.25,45.5
5,07811,37.25,44.1
5,18759,37.25,43.5
5,01392,37.25,46.1
5,18813,37.26,43.6
5,16330,37.26,44.2
5,05215,37.26,41.1
5,73571,37.26,38.1
5,40720,37.27,48.6
5,23930,37.27,45.8
5,12092,37.28,42.9
5,42021,37.28,42.3
5,08770,37.29,47.5
5,32417,37.29,46.6
5,73393,37.30,43.0
5,13099,37.30,46.8
5,34436,37.31,45.0
5,38822,37.31,44.0
5,50652,37.31,46.9
5,27634,37.32,46.2
5,25216,37.32,48.8
5,11134,37.33,46.4
5,17957,37.33,43.7
5,88420,37.33,51.2
5,27332,37.33,44.6
5,19542,37.34,46.5
5,05711,37.34,47.0
5,19321,37.34,49.1
5,90786,37.34,45.7
5,19305,37.35,46.2
5,28533,37.36,44.4
5,08320,37.36,43.7
5,15091,37.37,43.6
5,16004,37.38,40.2
5,21318,37.39,45.8
5,91375,37.39,47.0
5,90174,37.39,43.3
5,08559,37.40,43.7
5,19763,37.40,40.9
5,96636,37.40,42.1
5,16519,37.41,47.7
5,16047,37.41,37.5
5,04570,37.41,46.1
5,75604,37.42,45.7
5,16373,37.42,45.9
5,30791,37.42,39.2
5,08184,37.42,45.1
5,27910,37.42,47.5
5,35947,37.42,43.9
5,10103,37.43,46.2
5,21393,37.43,44.0
5,25119,37.43,44.2
5,80101,37.43,43.6
5,92436,37.43,44.3
5,40282,37.44,44.8
5,37575,37.45,48.2
5,10146,37.45,42.1
5,12530,37.45,47.5
5,27790,37.45,42.2
5,20915,37.46,43.3
5,18716,37.46,43.5
5,10960,37.46,37.3
5,24970,37.46,43.8
5,93114,37.47,43.9
5,07625,37.48,44.5
5,08494,37.48,45.5
5,23914,37.48,47.3
5,28711,37.49,47.4
5,02003,37.49,42.4
5,08915,37.50,43.0
5,07293,37.50,44.5
5,73024,37.50,46.5
5,23671,37.50,47.7
5,90123,37.51,42.4
5,02550,37.51,46.5
5,27430,37.52,45.2
5,11711,37.52,42.5
5,05479,37.52,40.3
5,18430,37.52,43.4
5,21555,37.53,43.5
5,25291,37.53,46.4
5,25070,37.54,51.7
5,20796,37.54,44.4
5,20095,37.54,45.4
5,13161,37.54,46.3
5,19011,37.55,41.6
5,24791,37.55,46.2
5,23698,37.55,45.7
5,32395,37.56,40.8
5,19798,37.56,43.6
5,19607,37.56,42.8
5,31577,37.56,45.6
5,16713,37.56,42.1
5,40444,37.57,42.8
5,96210,37.57,44.3
5,11959,37.57,44.0
5,17531,37.57,43.8
5,90484,37.58,43.1
5,08036,37.58,46.4
5,25836,37.58,46.9
5,14630,37.58,45.8
5,20451,37.59,43.1
5,19275,37.59,43.7
5,39799,37.59,46.7
5,24058,37.59,46.4
5,23833,37.59,48.1
5,20435,37.60,47.7
5,32212,37.60,44.0
5,16691,37.60,43.4
5,11657,37.61,42.7
5,41009,37.61,46.7
5,25470,37.62,47.1
5,31933,37.62,43.2
5,09318,37.63,44.8
5,13633,37.64,42.0
5,27065,37.64,46.4
5,07234,37.64,48.1
5,15890,37.64,43.0
5,74942,37.65,44.3
5,12459,37.65,45.6
5,39152,37.65,49.3
5,73598,37.66,42.1
5,07854,37.66,40.0
5,08117,37.66,42.7
5,23191,37.67,45.3
5,19771,37.67,51.5
5,32050,37.67,46.1
5,23876,37.67,51.3
5,15733,37.67,46.2
5,80004,37.67,46.6
5,08575,37.67,45.9
5,13226,37.67,49.2
5,25330,37.67,45.4
5,36315,37.68,44.3
5,16101,37.68,39.3
5,20737,37.69,49.0
5,04812,37.69,44.3
5,51519,37.69,39.7
5,73440,37.70,46.8
5,12580,37.70,44.0
5,04634,37.70,45.5
5,13978,37.71,43.9
5,11851,37.72,44.7
5,16080,37.72,42.2
5,23515,37.73,45.0
5,25933,37.74,42.4
5,19615,37.75,46.6
5,10863,37.76,44.0
5,73202,37.77,45.5
5,04510,37.77,42.8
5,96032,37.77,41.9
5,13510,37.77,46.0
5,10391,37.77,44.2
5,04065,37.78,42.6
5,20354,37.78,46.3
5,22152,37.80,44.0
5,27871,37.80,43.1
5,08540,37.80,46.6
5,12041,37.81,44.0
5,12475,37.81,44.9
5,20850,37.81,45.3
5,21873,37.82,48.5
5,19020,37.82,40.1
5,98434,37.82,44.0
5,13374,37.82,46.4
5,25372,37.82,46.5
5,18511,37.83,43.3
5,73466,37.83,42.0
5,32174,37.84,44.1
5,19550,37.84,44.4
5,11550,37.84,45.0
5,73245,37.84,41.5
5,36196,37.84,44.0
5,09571,37.85,47.0
5,21792,37.85,46.0
5,04820,37.86,41.8
5,10669,37.86,45.5
5,23051,37.87,47.9
5,27456,37.88,47.1
5,41742,37.88,42.1
5,09717,37.88,46.7
5,07579,37.88,47.9
5,04227,37.89,45.6
5,13579,37.90,41.4
5,23477,37.90,45.4
5,34975,37.90,46.0
5,24651,37.90,45.5
5,98159,37.91,47.9
5,15598,37.91,48.1
5,13552,37.92,43.6
5,17159,37.92,40.2
5,31631,37.92,43.5
5,07170,37.94,47.9
5,40924,37.94,47.2
5,28878,37.94,42.6
5,31518,37.95,46.2
5,10588,37.97,48.7
5,09237,37.97,48.0
5,13730,37.97,47.1
5,08354,37.98,43.5
5,16071,37.98,41.1
5,52833,37.99,44.2
5,25151,38.01,49.0
5,28517,38.01,46.1
5,27936,38.01,43.8
5,28274,38.03,50.9
5,18333,38.03,44.2
5,35530,38.04,48.6
5,01120,38.04,45.4
5,28932,38.04,47.8
5,96970,38.04,41.6
5,05673,38.04,42.5
5,18295,38.05,39.2
5,61980,38.05,48.6
5,16870,38.05,47.0
5,32433,38.06,42.6
5,73547,38.07,41.9
5,07358,38.07,41.2
5,19186,38.07,43.9
5,90883,38.09,42.5
5,12327,38.09,38.2
5,73415,38.10,45.9
5,17639,38.10,43.2
5,19348,38.11,39.7
5,10421,38.11,41.8
5,08397,38.11,45.0
5,42536,38.12,41.4
5,13129,38.12,42.7
5,25615,38.13,48.6
5,28797,38.13,48.1
5,23299,38.14,43.1
5,11070,38.15,42.8
5,28738,38.16,48.8
5,31399,38.16,43.6
5,17817,38.17,39.5
5,26190,38.18,52.1
5,09490,38.18,45.4
5,13250,38.19,48.4
5,23213,38.19,44.4
5,17914,38.20,40.2
5,09610,38.20,44.2
5,48178,38.20,45.2
5,14699,38.21,41.7
5,19003,38.21,46.9
5,11452,38.21,44.9
5,13412,38.21,44.0
5,07692,38.21,44.8
5,32379,38.21,41.6
5,18414,38.22,47.2
5,61689,38.22,44.1
5,96377,38.22,44.6
5,23655,38.22,49.4
5,14273,38.23,45.5
5,92193,38.23,41.9
5,28851,38.23,49.7
5,05398,38.23,43.3
5,07439,38.23,45.9
5,10499,38.24,47.7
5,15997,38.24,45.3
5,90565,38.25,42.9
5,31496,38.25,48.5
5,73199,38.25,45.1
5,09652,38.25,43.7
5,19933,38.25,43.0
5,20150,38.25,42.6
5,37150,38.28,45.4
5,12408,38.29,42.5
5,09377,38.29,44.3
5,14478,38.29,44.5
5,37222,38.30,52.2
5,07366,38.30,49.8
5,39314,38.31,43.3
5,12130,38.31,47.3
5,25755,38.33,48.0
5,35890,38.33,44.0
5,92576,38.33,44.1
5,10596,38.34,42.7
5,07633,38.34,44.9
5,10618,38.34,41.2
5,80667,38.36,44.9
5,24317,38.37,44.1
5,13110,38.38,47.3
5,94170,38.38,46.0
5,04502,38.38,44.4
5,28312,38.38,41.9
5,24295,38.39,47.7
5,19836,38.39,44.2
5,23060,38.39,45.5
5,19682,38.40,43.1
5,93424,38.40,46.6
5,02232,38.42,46.4
5,68837,38.42,45.5
5,13463,38.42,47.0
5,32018,38.43,45.3
5,23310,38.44,43.0
5,23590,38.44,43.7
5,23035,38.44,47.6
5,31372,38.44,41.5
5,21830,38.44,41.5
5,96130,38.44,52.4
5,18015,38.44,42.1
5,14338,38.44,46.2
5,35998,38.45,46.0
5,23256,38.45,43.9
5,98612,38.45,43.7
5,12629,38.46,39.4
5,04006,38.46,44.5
5,90247,38.46,44.0
5,16438,38.47,40.5
5,10871,38.49,42.0
5,04669,38.49,43.5
5,25631,38.49,46.6
5,14656,38.49,44.1
5,39039,38.49,43.2
5,41327,38.50,47.7
5,18597,38.50,44.2
5,15431,38.52,43.6
5,05452,38.53,46.0
5,16799,38.53,38.8
5,24830,38.55,41.2
5,13242,38.55,45.4
5,15911,38.55,42.5
5,20559,38.56,49.7
5,24490,38.56,42.2
5,37940,38.56,42.3
5,19640,38.56,43.6
5,19259,38.57,47.9
5,19500,38.57,46.1
5,24678,38.57,46.5
5,04111,38.57,46.9
5,31992,38.58,47.8
5,17558,38.58,48.1
5,95257,38.58,46.2
5,08958,38.60,45.8
5,16314,38.61,44.6
5,37052,38.61,42.0
5,09636,38.61,44.0
5,13595,38.62,42.0
5,11517,38.62,46.2
5,93130,38.62,44.4
5,73482,38.63,40.4
5,19097,38.63,49.6
5,12572,38.64,43.8
5,14958,38.64,45.9
5,12491,38.64,47.0
5,33553,38.64,46.2
5,20656,38.65,42.1
5,20591,38.65,40.9
5,98574,38.65,48.2
5,30031,38.65,45.1
5,08150,38.66,42.4
5,05258,38.66,45.6
5,27014,38.66,44.7
5,01511,38.66,46.5
5,14931,38.67,41.8
5,31470,38.67,45.5
5,12505,38.67,40.0
5,34355,38.67,46.4
5,90042,38.68,45.3
5,73520,38.70,44.6
5,28355,38.70,42.4
5,27251,38.74,46.9
5,14834,38.74,40.9
5,23957,38.74,43.9
5,13480,38.75,48.8
5,73318,38.76,41.0
5,23850,38.76,44.3
5,11738,38.76,42.1
5,31895,38.78,50.2
5,05290,38.78,44.6
5,20192,38.79,43.9
5,14036,38.79,38.7
5,93327,38.79,43.7
5,32514,38.81,44.8
5,31259,38.81,42.5
5,07315,38.82,47.4
5,07650,38.82,43.7
5,94056,38.83,44.2
5,08630,38.83,42.6
5,07455,38.83,42.6
5,09113,38.83,44.5
5,15717,38.84,43.7
5,31755,38.84,42.5
5,38164,38.84,45.0
5,14311,38.84,44.6
5,10251,38.85,42.8
5,18678,38.85,34.6
5,38938,38.85,48.3
5,80209,38.85,44.6
5,23124,38.86,44.9
5,31950,38.87,43.1
5,08591,38.87,48.2
5,28398,38.88,47.3
5,19747,38.88,40.0
5,07250,38.89,46.7
5,19623,38.89,38.4
5,28592,38.90,47.8
5,23329,38.90,43.5
5,12696,38.90,42.7
5,25798,38.91,48.6
5,14060,38.91,46.6
5,16810,38.91,46.2
5,02046,38.91,49.2
5,04839,38.91,47.6
5,28479,38.92,46.3
5,27073,38.92,47.8
5,19119,38.92,48.7
5,25674,38.93,43.6
5,11770,38.93,44.8
5,18317,38.93,39.6
5,08133,38.93,47.5
5,25593,38.94,47.7
5,24554,38.95,44.3
5,07072,38.95,46.9
5,16993,38.95,41.3
5,12440,38.96,38.5
5,23558,38.96,46.9
5,07382,38.96,44.0
5,94498,38.97,41.7
5,10065,38.97,40.3
5,04464,38.97,46.1
5,73512,38.97,45.0
5,04600,38.97,44.2
5,73032,38.98,40.8
5,25534,38.98,45.1
5,31976,38.98,43.4
5,12238,38.98,46.6
5,23639,38.98,46.2
5,98418,38.99,44.3
5,19909,38.99,39.8
5,10405,38.99,42.7
5,05312,38.99,44.2
5,16306,39.00,43.3
5,27219,39.00,47.2
5,90743,39.01,43.2
5,14850,39.01,47.9
5,31453,39.01,46.4
5,28134,39.03,46.8
5,26336,39.03,47.7
5,24856,39.04,46.6
5,10324,39.04,44.8
5,05614,39.05,46.1
5,24430,39.06,46.0
5,19801,39.07,39.5
5,12009,39.07,42.2
5,73709,39.08,43.3
5,09296,39.08,44.6
5,92070,39.08,41.9
5,33383,39.08,43.2
5,22411,39.08,44.2
5,10340,39.09,42.6
5,18953,39.09,44.0
5,08893,39.10,45.7
5,04782,39.12,43.7
5,12165,39.12,44.4
5,15490,39.12,44.7
5,27391,39.12,40.6
5,92762,39.13,41.9
5,08877,39.13,40.5
5,16896,39.14,45.6
5,05231,39.14,44.8
5,08931,39.14,45.7
5,12106,39.15,47.0
5,32158,39.16,42.9
5,90727,39.16,43.2
5,18619,39.17,44.3
5,35114,39.17,47.7
5,07862,39.18,40.9
5,05797,39.19,40.9
5,28657,39.19,45.6
5,04294,39.20,45.8
5,33537,39.21,47.7
5,73539,39.21,42.9
5,87866,39.22,43.6
5,19992,39.23,44.2
5,23108,39.24,45.3
5,24813,39.26,44.1
5,19160,39.28,47.9
5,31739,39.28,45.9
5,10537,39.29,42.9
5,32115,39.29,41.8
5,31674,39.29,44.0
5,05096,39.30,45.6
5,05576,39.30,42.3
5,19283,39.31,41.2
5,23280,39.31,45.2
5,17493,39.31,46.7
5,17574,39.32,43.1
5,20052,39.33,46.7
5,04332,39.33,46.0
5,07480,39.34,44.6
5,13811,39.34,46.2
5,24252,39.35,44.8
5,31852,39.37,43.6
5,01112,39.37,45.9
5,21334,39.37,43.8
5,28630,39.38,43.6
5,13404,39.42,44.2
5,17132,39.42,48.2
5,73350,39.42,44.3
5,74446,39.42,46.5
5,19984,39.43,46.4
5,01538,39.43,44.8
5,13030,39.44,47.7
5,04260,39.44,46.4
5,25496,39.45,44.5
5,04855,39.45,45.0
5,08028,39.46,44.1
5,13021,39.47,40.7
5,07129,39.48,45.6
5,08737,39.48,44.6
5,11479,39.49,41.1
5,13382,39.49,43.5
5,08710,39.51,39.9
5,88110,39.52,46.7
5,04588,39.54,43.1
5,10375,39.54,45.6
5,15415,39.54,45.8
5,41688,39.55,39.8
5,10987,39.55,48.0
5,23396,39.56,46.7
5,05975,39.57,43.3
5,21350,39.58,41.6
5,28037,39.58,43.8
5,90824,39.58,45.0
5,89960,39.58,40.1
5,04561,39.59,46.8
5,11231,39.60,45.8
5,22012,39.60,44.3
5,16020,39.61,44.4
5,04642,39.61,43.9
5,16284,39.62,38.5
5,23205,39.62,43.9
5,08508,39.62,40.3
5,07048,39.63,42.4
5,91081,39.66,45.4
5,28614,39.66,49.0
5,98655,39.67,46.2
5,31003,39.69,42.8
5,19925,39.69,43.0
5,16268,39.70,44.6
5,31330,39.71,41.7
5,92045,39.72,48.0
5,21610,39.73,45.4
5,25518,39.75,42.8
5,89843,39.76,41.8
5,19100,39.76,40.8
5,05355,39.76,45.6
5,32450,39.77,46.3
5,31593,39.77,44.5
5,05339,39.77,43.1
5,31216,39.78,43.4
5,07390,39.79,46.8
5,23183,39.80,48.6
5,34835,39.82,43.9
5,18856,39.82,42.4
5,23094,39.83,47.8
5,04693,39.84,43.2
5,28576,39.84,42.7
5,05754,39.86,44.6
5,04677,39.86,44.9
5,12084,39.88,44.4
5,13323,39.89,43.7
5,08311,39.90,44.3
5,09091,39.90,42.9
5,01007,39.90,45.3
5,23302,39.90,45.6
5,10820,39.92,44.9
5,18074,39.92,41.7
5,04308,39.93,41.3
5,17833,39.94,44.6
5,15776,39.94,47.9
5,90069,39.95,45.5
5,28215,39.96,48.0
5,18155,39.96,41.1
5,73385,39.97,43.0
5,16241,39.97,44.0
5,27596,39.97,46.3
5,17035,39.98,40.2
5,39144,39.98,44.0
5,26158,39.98,46.0
5,05371,39.98,39.0
5,09695,39.99,43.1
5,10880,40.01,46.5
5,04804,40.01,47.0
5,33960,40.02,47.9
5,27537,40.02,42.8
5,13188,40.02,44.5
5,11312,40.03,43.2
5,27995,40.03,43.4
5,05770,40.03,42.8
5,28070,40.06,43.8
5,15792,40.07,48.0
5,08214,40.07,48.5
5,27731,40.07,51.2
5,19143,40.07,52.6
5,28118,40.07,46.3
5,25950,40.07,42.3
5,80829,40.07,44.7
5,61786,40.08,44.0
5,73296,40.09,44.3
5,10766,40.09,45.2
5,22098,40.09,40.4
5,35211,40.10,50.6
5,20532,40.11,45.7
5,40479,40.11,45.1
5,04715,40.12,46.8
5,41084,40.12,39.4
5,19089,40.13,40.6
5,17310,40.14,44.4
5,15130,40.15,45.0
5,05070,40.15,44.6
5,27375,40.18,40.0
5,27278,40.18,45.2
5,14680,40.19,51.3
5,08672,40.20,44.7
5,31550,40.20,46.0
5,28754,40.22,50.5
5,04863,40.22,45.1
5,07285,40.23,39.7
5,31011,40.23,44.1
5,09555,40.26,41.8
5,13080,40.26,43.1
5,08974,40.26,42.5
5,27510,40.28,48.2
5,96857,40.29,43.9
5,07099,40.29,43.6
5,01058,40.30,45.4
5,37427,40.31,49.5
5,12122,40.31,41.1
5,34711,40.31,44.0
5,14770,40.33,41.3
5,32298,40.33,42.3
5,92584,40.34,46.2
5,08087,40.34,43.9
5,13145,40.34,41.9
5,24597,40.36,47.9
5,73580,40.36,45.7
5,73172,40.37,45.0
5,15695,40.37,46.1
5,27022,40.38,46.2
5,95699,40.39,41.6
5,19127,40.40,37.5
5,28010,40.41,48.8
5,28495,40.41,47.1
5,17892,40.43,40.5
5,04103,40.43,43.6
5,09032,40.43,43.8
5,07528,40.43,45.4
5,03018,40.44,44.0
5,27090,40.44,45.1
5,27006,40.44,43.4
5,04545,40.46,41.4
5,04952,40.48,46.7
5,20877,40.48,44.9
5,33030,40.51,42.0
5,04162,40.53,41.8
5,27413,40.54,48.7
5,27499,40.55,45.3
5,08346,40.56,44.3
5,41262,40.57,41.9
5,27138,40.58,42.4
5,13935,40.59,43.1
5,07498,40.59,42.8
5,73229,40.60,44.1
5,74888,40.61,43.2
5,36595,40.63,40.9
5,07609,40.64,40.5
5,09350,40.64,44.4
5,28436,40.66,45.4
5,07641,40.67,46.3
5,06050,40.69,46.1
5,13277,40.69,40.0
5,08230,40.70,45.0
5,14290,40.71,47.7
5,27570,40.71,46.8
5,28096,40.73,47.1
5,08222,40.73,41.2
5,17256,40.75,45.4
5,08176,40.76,41.2
5,98558,40.77,42.5
5,41882,40.78,42.1
5,28290,40.78,45.6
5,07218,40.78,43.1
5,08095,40.79,44.6
5,08524,40.80,43.7
5,27758,40.82,39.6
5,07021,40.83,45.6
5,28835,40.83,46.1
5,33804,40.84,43.9
5,04120,40.84,43.6
5,07676,40.88,46.1
5,38776,40.89,48.7
5,07510,40.90,44.9
5,12610,40.93,37.7
5,34398,40.93,44.8
5,09016,40.93,44.3
5,32255,40.94,45.5
5,07838,40.95,44.4
5,18058,40.96,47.2
5,08168,40.96,42.7
5,24635,40.98,44.9
5,05959,40.99,46.1
5,11258,40.99,43.3
5,09253,41.00,44.8
5,31534,41.00,42.5
5,27677,41.01,44.0
5,05274,41.02,47.5
5,01015,41.02,43.1
5,08443,41.05,45.6
5,98353,41.06,43.2
5,24139,41.06,44.2
5,28894,41.07,46.9
5,07790,41.08,42.1
5,07781,41.08,42.1
5,35432,41.09,42.5
5,15830,41.12,44.9
5,08389,41.13,43.2
5,30007,41.15,43.8
5,08583,41.15,45.1
5,27774,41.17,36.9
5,09598,41.20,42.5
5,05932,41.23,48.8
5,07668,41.23,43.1
5,38431,41.23,42.8
5,31437,41.26,49.2
5,01023,41.27,44.4
5,24457,41.29,44.8
5,27650,41.29,47.6
5,42404,41.30,42.1
5,16063,41.30,47.5
5,08990,41.30,50.4
5,12688,41.31,43.0
5,73180,41.31,46.6
5,04049,41.32,45.2
5,08370,41.32,44.3
5,27294,41.33,43.4
5,04286,41.35,43.7
5,07552,41.37,44.8
5,18996,41.41,40.5
5,24473,41.41,44.2
5,14230,41.41,46.8
5,07242,41.42,45.6
5,05916,41.43,44.0
5,07056,41.44,43.4
5,19291,41.44,41.7
5,04316,41.44,42.6
5,31232,41.44,42.0
5,08141,41.45,46.4
5,07617,41.46,45.1
5,08338,41.49,44.1
5,08427,41.49,43.5
5,15954,41.49,43.6
5,31097,41.50,44.4
5,81426,41.51,42.2
5,04847,41.51,43.5
5,92606,41.52,43.8
5,04324,41.52,41.3
5,24953,41.53,39.8
5,15571,41.53,41.1
5,04456,41.53,44.3
5,27812,41.55,45.4
5,73121,41.56,42.7
5,37460,41.58,46.9
5,17752,41.58,47.2
5,28231,41.59,49.7
5,94994,41.59,45.3
5,08060,41.62,45.2
5,73342,41.63,43.2
5,27316,41.64,50.2
5,26115,41.64,44.0
5,27839,41.67,45.2
5,07102,41.68,43.5
5,04251,41.68,46.0
5,04731,41.70,43.3
5,95338,41.72,43.8
5,28452,41.72,44.6
5,08281,41.73,42.9
5,14613,41.73,42.2
5,07471,41.74,43.1
5,27898,41.79,44.2
5,73059,41.81,42.9
5,08621,41.82,48.4
5,02194,41.83,46.9
5,15873,41.87,44.7
5,13951,41.87,45.4
5,27170,41.89,43.1
5,28690,41.91,42.0
5,09431,41.93,45.0
5,11355,41.94,45.6
5,08486,41.94,44.4
5,19046,41.95,43.9
5,04391,41.95,48.3
5,73288,41.96,42.4
5,05010,41.97,46.4
5,03000,41.97,44.8
5,05851,41.99,46.6
5,27693,42.00,44.6
5,17230,42.10,43.0
5,04146,42.12,46.0
5,09415,42.12,41.6
5,02410,42.13,44.9
5,11690,42.13,41.9
5,28193,42.16,37.5
5,06033,42.17,43.4
5,73610,42.21,43.0
5,06025,42.22,43.5
5,07269,42.23,43.9
5,04529,42.24,46.3
5,03069,42.27,41.9
5,03158,42.30,42.3
5,04421,42.33,44.2
5,08206,42.33,43.8
5,07684,42.33,44.6
5,04030,42.35,44.6
5,27081,42.35,43.7
5,92509,42.36,37.7
5,05495,42.36,44.3
5,20001,42.38,40.9
5,04197,42.38,47.3
5,92541,42.38,44.2
5,27715,42.38,40.0
5,05550,42.39,43.0
5,04014,42.39,46.6
5,07927,42.40,46.4
5,07064,42.40,44.9
5,28177,42.42,42.5
5,02836,42.43,43.0
5,05517,42.46,46.0
5,13005,42.47,41.3
5,28150,42.48,42.4
5,92525,42.49,43.1
5,14796,42.50,45.9
5,44059,42.51,47.2
5,14575,42.52,44.3
5,05835,42.54,44.0
5,98396,42.56,47.4
5,42528,42.56,39.1
5,02356,42.60,46.7
5,01490,42.63,47.3
5,06130,42.63,44.4
5,32077,42.67,40.6
5,90964,42.71,40.2
5,73113,42.72,43.1
5,19968,42.73,44.0
5,08265,42.75,46.3
5,11835,42.77,44.8
5,05053,42.81,44.9
5,19828,42.83,41.1
5,07277,42.83,44.3
5,07188,42.85,40.0
5,07501,42.85,43.5
5,04375,42.87,45.0
5,28916,42.87,43.8
5,31836,42.89,44.9
5,03085,42.89,41.9
5,19062,42.94,44.3
5,04340,42.95,43.0
5,10804,42.96,39.6
5,13919,42.96,49.2
5,08400,42.97,40.2
5,07943,42.98,45.4
5,28410,42.98,43.5
5,06092,43.01,44.9
5,09474,43.04,44.0
5,08125,43.04,41.1
5,07986,43.05,49.5
5,07889,43.06,43.8
5,03093,43.06,42.3
5,15440,43.08,44.7
5,02011,43.09,45.1
5,04367,43.10,45.4
5,08460,43.12,39.4
5,03034,43.12,42.0
5,73067,43.13,42.7
5,19364,43.13,41.9
5,04090,43.14,45.7
5,26077,43.15,44.5
5,37850,43.17,45.6
5,07340,43.19,47.5
5,03131,43.22,41.2
5,28673,43.27,45.5
5,07412,43.27,45.3
5,07749,43.32,44.4
5,06106,43.33,42.4
5,08818,43.33,41.7
5,07560,43.41,38.6
5,07935,43.44,45.9
5,02852,43.46,43.5
5,08249,43.47,42.3
5,05134,43.51,45.6
5,02151,43.52,45.4
5,08850,43.59,42.4
5,10740,43.61,43.7
5,07110,43.62,45.0
5,10367,43.67,43.5
5,05592,43.68,44.5
5,08834,43.69,47.9
5,28550,43.73,42.2
5,07757,43.78,47.1
5,04650,43.80,45.4
5,07978,43.82,45.6
5,08605,43.83,44.4
5,03050,43.85,40.5
5,08303,43.94,39.3
5,07960,43.96,45.7
5,05878,44.04,42.2
5,07153,44.09,44.6
5,27359,44.11,41.2
5,04405,44.18,42.9
5,04235,44.19,45.7
5,04022,44.24,44.8
5,73105,44.26,41.2
5,05657,44.33,43.5
5,08044,44.37,43.7
5,07994,44.39,44.7
5,73423,44.40,44.7
5,07307,44.43,47.9
5,91715,44.44,42.9
5,04189,44.45,41.7
5,02690,44.52,45.5
5,02437,44.52,43.1
5,12181,44.56,43.8
5,07331,44.60,46.0
5,07706,44.62,42.4
5,04170,44.63,42.0
5,02038,44.66,46.5
5,02534,44.67,43.5
5,01570,44.67,47.4
5,09679,44.71,44.4
5,06157,44.72,45.3
5,06017,44.73,41.1
5,14591,44.75,41.3
5,01074,44.76,44.9
5,91847,44.77,42.1
5,23248,44.81,48.2
5,04766,44.84,44.6
5,04073,44.88,43.8
5,08419,44.90,42.6
5,04723,44.97,42.0
5,73431,44.98,41.0
5,73270,45.11,39.8
5,05819,45.14,44.0
5,24392,45.16,43.5
5,01457,45.17,42.5
5,02097,45.17,43.7
5,23167,45.20,45.7
5,09334,45.23,39.8
5,05436,45.28,42.4
5,07900,45.34,41.3
5,08273,45.34,43.4
5,31135,45.34,43.1
5,02070,45.36,44.0
5,03026,45.37,43.9
5,07765,45.60,48.1
5,03042,45.64,42.3
5,04707,45.70,46.4
5,04480,45.71,41.7
5,04936,45.76,43.9
5,41602,45.87,43.7
5,06114,45.89,43.6
5,04979,45.90,47.1
5,07080,45.97,41.8
5,02674,46.17,45.2
5,03077,46.20,44.4
5,04910,46.23,43.2
5,07323,46.23,42.0
5,04413,46.23,44.8
5,02518,46.23,45.3
5,02259,46.28,45.6
5,04596,46.35,42.4
5,02615,46.39,41.3
5,02577,46.42,47.7
5,03123,46.49,43.5
5,07226,46.53,41.1
5,02631,46.57,46.0
5,01090,46.59,42.7
5,08435,46.62,51.1
5,05193,46.65,45.1
5,10049,46.66,44.0
5,04740,46.68,42.5
5,07463,46.69,42.6
5,55034,46.81,41.1
5,02275,46.90,42.9
5,98477,46.95,42.1
5,02178,46.95,44.2
5,06122,47.01,43.7
5,04774,47.03,46.1
5,01554,47.08,43.6
5,98590,47.15,41.9
5,96199,47.26,43.2
5,02313,47.32,43.4
5,07013,47.38,45.3
5,02879,47.39,47.4
5,09458,47.51,47.9
5,06173,47.53,43.4
5,06084,47.54,44.8
5,02810,47.62,44.2
5,73091,47.64,43.8
5,02291,47.69,46.6
5,02135,47.90,45.0
5,02771,48.04,47.3
5,01139,48.10,45.2
5,02798,48.19,43.5
5,02658,48.25,43.4
5,02119,48.25,43.9
5,98450,48.42,38.7
5,02330,48.51,45.4
5,05533,48.52,44.0
5,07544,48.64,40.2
5,02372,48.90,44.5
5,04499,48.97,44.5
5,01473,49.07,44.2
5,02992,49.07,42.4
5,06009,49.09,42.0
5,02216,49.12,44.3
5,07447,49.14,45.1
5,02976,49.16,42.5
5,06076,49.81,43.7
5,04359,49.87,45.2
5,06041,49.89,43.0
5,02917,50.01,43.2
5,05037,50.05,40.2
5,02020,50.10,45.2
5,01082,50.34,42.1
5,04790,50.56,46.9
5,04200,50.60,44.0
5,02712,50.74,42.8
5,04057,50.92,44.9
5,06068,50.98,40.3
5,02933,50.98,43.6
5,05177,51.19,45.4
5,02755,51.20,45.2
5,05150,51.40,43.2
5,98493,51.48,41.9
5,04618,51.69,41.3
5,02399,51.82,45.5
5,04553,51.99,43.1
5,02054,52.13,44.1
5,07161,52.23,41.6
5,02950,52.26,46.3
5,98370,52.39,42.1
5,02470,52.46,42.2
5,02895,52.70,39.4
5,98515,52.81,45.2
5,02593,53.00,45.0
5,02496,53.03,41.5
5,04138,53.38,44.4
5,02739,53.56,44.5
5,01031,53.63,40.9
5,02453,54.88,43.8
5,04219,54.92,41.5
5,01040,55.00,42.9
5,03115,55.48,41.0
5,01104,55.96,40.0
5,01066,56.42,42.4
5,03107,56.51,39.4
5,04898,57.44,42.5
